audit,strategy,model,protected_attribute,metric,value,ci_low,ci_high,p_value,significant,n_disadvantaged,n_advantaged,small_sample_warning,note
ai_fair_recruitment,baseline,logistic_regression,gender,demographic_parity_diff,-0.06555690919543475,-0.07372358211091862,-0.05740101183769435,0.0,True,8410,14652,False,
ai_fair_recruitment,baseline,logistic_regression,gender,disparate_impact_ratio,0.5272967974979395,0.48219606186525427,0.5742296301594224,0.0,True,8410,14652,False,
ai_fair_recruitment,baseline,logistic_regression,gender,equal_opportunity_diff,-0.12102900908460626,-0.14105606529310777,-0.09943832299823062,0.0,True,2066,3897,False,
ai_fair_recruitment,baseline,logistic_regression,gender,equalized_odds_diff,-0.12102900908460626,-0.14105606529310777,-0.09943832299823062,0.0,True,2066,3897,False,driven_by_tpr_gap
ai_fair_recruitment,baseline,logistic_regression,gender,predictive_parity_diff,-0.0011586966263363863,-0.04691443009410405,0.04296187824082968,0.9625,False,615,2032,False,
ai_fair_recruitment,baseline,logistic_regression,gender,accuracy_equality_diff,0.014979161411979525,0.0035764520871535976,0.026787340253451992,0.01,True,8410,14652,False,
ai_fair_recruitment,baseline,random_forest,gender,demographic_parity_diff,-0.04769847136077815,-0.05856910648081873,-0.036869910257246764,0.0,True,8410,14652,False,
ai_fair_recruitment,baseline,random_forest,gender,disparate_impact_ratio,0.7882197274625551,0.7450954843738385,0.8329555064287831,0.0,True,8410,14652,False,
ai_fair_recruitment,baseline,random_forest,gender,equal_opportunity_diff,-0.05806300723792546,-0.08223430799525339,-0.03285801921253499,0.0,True,2066,3897,False,
ai_fair_recruitment,baseline,random_forest,gender,equalized_odds_diff,-0.05806300723792546,-0.08223430799525339,-0.03285801921253499,0.0,True,2066,3897,False,driven_by_tpr_gap
ai_fair_recruitment,baseline,random_forest,gender,predictive_parity_diff,-0.008763116767135537,-0.03860630416692039,0.022644527999350458,0.5615,False,1493,3300,False,
ai_fair_recruitment,baseline,random_forest,gender,accuracy_equality_diff,0.025148957194141563,0.013178672673321885,0.0374910138762696,0.0,True,8410,14652,False,
ai_fair_recruitment,baseline,gradient_boosting,gender,demographic_parity_diff,-0.06089947909210691,-0.06892504235399598,-0.05306237163549887,0.0,True,8410,14652,False,
ai_fair_recruitment,baseline,gradient_boosting,gender,disparate_impact_ratio,0.5187205415582926,0.47062429359917507,0.5683550753607967,0.0,True,8410,14652,False,
ai_fair_recruitment,baseline,gradient_boosting,gender,equal_opportunity_diff,-0.11103224090017866,-0.13124598972923543,-0.09000258594927812,0.0,True,2066,3897,False,
ai_fair_recruitment,baseline,gradient_boosting,gender,equalized_odds_diff,-0.11103224090017866,-0.13124598972923543,-0.09000258594927812,0.0,True,2066,3897,False,driven_by_tpr_gap
ai_fair_recruitment,baseline,gradient_boosting,gender,predictive_parity_diff,0.008846911495708487,-0.041024547394587545,0.054791344214624026,0.7365,False,552,1854,False,
ai_fair_recruitment,baseline,gradient_boosting,gender,accuracy_equality_diff,0.016150627981781462,0.004801120843035279,0.028004307139265515,0.0055,True,8410,14652,False,
ai_fair_recruitment,unawareness,logistic_regression,gender,demographic_parity_diff,-0.006532351181578286,-0.014847725657773219,0.002240628234980194,0.1355,False,8410,14652,False,
ai_fair_recruitment,unawareness,logistic_regression,gender,disparate_impact_ratio,0.9439957934822404,0.8758976329531846,1.0194603676247063,0.1275,False,8410,14652,False,
ai_fair_recruitment,unawareness,logistic_regression,gender,equal_opportunity_diff,0.00017848266631492749,-0.02137120333088153,0.024234505605498394,1.0,False,2066,3897,False,
ai_fair_recruitment,unawareness,logistic_regression,gender,equalized_odds_diff,-0.004214277883596768,-0.011850425664944837,0.00397154385215122,0.317,False,6344,10755,False,driven_by_fpr_gap
ai_fair_recruitment,unawareness,logistic_regression,gender,predictive_parity_diff,-0.011376058902999864,-0.04807350110645319,0.029222421129656555,0.562,False,926,1709,False,
ai_fair_recruitment,unawareness,logistic_regression,gender,accuracy_equality_diff,0.017205314708287345,0.0051962948247134015,0.029224507179322845,0.003,True,8410,14652,False,
ai_fair_recruitment,unawareness,random_forest,gender,demographic_parity_diff,-0.007137788528989469,-0.018221035190416877,0.0032514377148740907,0.188,False,8410,14652,False,
ai_fair_recruitment,unawareness,random_forest,gender,disparate_impact_ratio,0.9667252974909919,0.9168981054004498,1.0153158691125164,0.188,False,8410,14652,False,
ai_fair_recruitment,unawareness,random_forest,gender,equal_opportunity_diff,0.010192142738438326,-0.01574340079903597,0.03688621897699252,0.421,False,2066,3897,False,
ai_fair_recruitment,unawareness,random_forest,gender,equalized_odds_diff,0.010192142738438326,-0.01574340079903597,0.03688621897699252,0.421,False,2066,3897,False,driven_by_tpr_gap
ai_fair_recruitment,unawareness,random_forest,gender,predictive_parity_diff,-0.006007415634568747,-0.03395082854866061,0.0223442284368642,0.6605,False,1744,3143,False,
ai_fair_recruitment,unawareness,random_forest,gender,accuracy_equality_diff,0.01916575531319875,0.006893684166276312,0.03191622089065616,0.004,True,8410,14652,False,
ai_fair_recruitment,unawareness,gradient_boosting,gender,demographic_parity_diff,-0.0049794470721938044,-0.012767091894618648,0.002913548750350164,0.219,False,8410,14652,False,
ai_fair_recruitment,unawareness,gradient_boosting,gender,disparate_impact_ratio,0.9459569876566172,0.8661070832886755,1.0322931072904424,0.219,False,8410,14652,False,
ai_fair_recruitment,unawareness,gradient_boosting,gender,equal_opportunity_diff,-0.0012942166896321716,-0.02174375639811298,0.02019085473200152,0.908,False,2066,3897,False,
ai_fair_recruitment,unawareness,gradient_boosting,gender,equalized_odds_diff,-0.0024809862916043077,-0.009046808340998611,0.004624794737542525,0.508,False,6344,10755,False,driven_by_fpr_gap
ai_fair_recruitment,unawareness,gradient_boosting,gender,predictive_parity_diff,-0.016791470870597736,-0.06022214643019552,0.027297180536607527,0.491,False,733,1350,False,
ai_fair_recruitment,unawareness,gradient_boosting,gender,accuracy_equality_diff,0.016815534591991255,0.005153582941930214,0.028686382577583595,0.003,True,8410,14652,False,
ai_fair_recruitment,unawareness_proxy_removal,logistic_regression,gender,demographic_parity_diff,-0.006532351181578286,-0.014847725657773219,0.002240628234980194,0.1355,False,8410,14652,False,
ai_fair_recruitment,unawareness_proxy_removal,logistic_regression,gender,disparate_impact_ratio,0.9439957934822404,0.8758976329531846,1.0194603676247063,0.1275,False,8410,14652,False,
ai_fair_recruitment,unawareness_proxy_removal,logistic_regression,gender,equal_opportunity_diff,0.00017848266631492749,-0.02137120333088153,0.024234505605498394,1.0,False,2066,3897,False,
ai_fair_recruitment,unawareness_proxy_removal,logistic_regression,gender,equalized_odds_diff,-0.004214277883596768,-0.011850425664944837,0.00397154385215122,0.317,False,6344,10755,False,driven_by_fpr_gap
ai_fair_recruitment,unawareness_proxy_removal,logistic_regression,gender,predictive_parity_diff,-0.011376058902999864,-0.04807350110645319,0.029222421129656555,0.562,False,926,1709,False,
ai_fair_recruitment,unawareness_proxy_removal,logistic_regression,gender,accuracy_equality_diff,0.017205314708287345,0.0051962948247134015,0.029224507179322845,0.003,True,8410,14652,False,
ai_fair_recruitment,unawareness_proxy_removal,random_forest,gender,demographic_parity_diff,-0.0071317182494352455,-0.015564206109687683,0.0017133092177681992,0.1035,False,8410,14652,False,
ai_fair_recruitment,unawareness_proxy_removal,random_forest,gender,disparate_impact_ratio,0.9373918403499281,0.8669635868880858,1.0155681894242758,0.1035,False,8410,14652,False,
ai_fair_recruitment,unawareness_proxy_removal,random_forest,gender,equal_opportunity_diff,0.006547469557961677,-0.0154984808479529,0.029017033729870384,0.586,False,2066,3897,False,
ai_fair_recruitment,unawareness_proxy_removal,random_forest,gender,equalized_odds_diff,-0.007500529094945724,-0.01521297317356718,0.0003960726352094066,0.0655,False,6344,10755,False,driven_by_fpr_gap
ai_fair_recruitment,unawareness_proxy_removal,random_forest,gender,predictive_parity_diff,0.007344061298591775,-0.03299549895180147,0.04776008465653658,0.732,False,898,1669,False,
ai_fair_recruitment,unawareness_proxy_removal,random_forest,gender,accuracy_equality_diff,0.021507195228954945,0.009952967506475207,0.03319882145684762,0.0,True,8410,14652,False,
ai_fair_recruitment,unawareness_proxy_removal,gradient_boosting,gender,demographic_parity_diff,-0.005950415879072246,-0.013916901037887947,0.0020370697689365814,0.141,False,8410,14652,False,
ai_fair_recruitment,unawareness_proxy_removal,gradient_boosting,gender,disparate_impact_ratio,0.9358465390112906,0.8564096445852852,1.022208372824225,0.1355,False,8410,14652,False,
ai_fair_recruitment,unawareness_proxy_removal,gradient_boosting,gender,equal_opportunity_diff,-0.006309616874598356,-0.026132203613820626,0.014744599626242123,0.5605,False,2066,3897,False,
ai_fair_recruitment,unawareness_proxy_removal,gradient_boosting,gender,equalized_odds_diff,-0.006309616874598356,-0.026132203613820626,0.014744599626242123,0.5605,False,2066,3897,False,driven_by_tpr_gap
ai_fair_recruitment,unawareness_proxy_removal,gradient_boosting,gender,predictive_parity_diff,-0.025191770741983865,-0.07278599292388636,0.02143959095628326,0.2805,False,730,1359,False,
ai_fair_recruitment,unawareness_proxy_removal,gradient_boosting,gender,accuracy_equality_diff,0.015197253247193787,0.003289303518197637,0.027274451378196896,0.01,True,8410,14652,False,
ai_fair_recruitment,in_processing,logistic_regression,gender,demographic_parity_diff,-0.006532351181578286,-0.014847725657773219,0.002240628234980194,0.1355,False,8410,14652,False,
ai_fair_recruitment,in_processing,logistic_regression,gender,disparate_impact_ratio,0.9439957934822404,0.8758976329531846,1.0194603676247063,0.1275,False,8410,14652,False,
ai_fair_recruitment,in_processing,logistic_regression,gender,equal_opportunity_diff,0.00017848266631492749,-0.02137120333088153,0.024234505605498394,1.0,False,2066,3897,False,
ai_fair_recruitment,in_processing,logistic_regression,gender,equalized_odds_diff,-0.004214277883596768,-0.011850425664944837,0.00397154385215122,0.317,False,6344,10755,False,driven_by_fpr_gap
ai_fair_recruitment,in_processing,logistic_regression,gender,predictive_parity_diff,-0.011376058902999864,-0.04807350110645319,0.029222421129656555,0.562,False,926,1709,False,
ai_fair_recruitment,in_processing,logistic_regression,gender,accuracy_equality_diff,0.017205314708287345,0.0051962948247134015,0.029224507179322845,0.003,True,8410,14652,False,
ai_fair_recruitment,in_processing,random_forest,gender,demographic_parity_diff,-0.0057560857798669846,-0.014112708130246766,0.0028665974102953904,0.187,False,8410,14652,False,
ai_fair_recruitment,in_processing,random_forest,gender,disparate_impact_ratio,0.9477463424869758,0.875733640833942,1.0269271362435004,0.187,False,8410,14652,False,
ai_fair_recruitment,in_processing,random_forest,gender,equal_opportunity_diff,0.005445646500982088,-0.017061228869925272,0.027909702178631226,0.6565,False,2066,3897,False,
ai_fair_recruitment,in_processing,random_forest,gender,equalized_odds_diff,0.005445646500982088,-0.017061228869925272,0.027909702178631226,0.6565,False,2066,3897,False,driven_by_tpr_gap
ai_fair_recruitment,in_processing,random_forest,gender,predictive_parity_diff,-0.0006463941649518246,-0.03860733812624728,0.04112517041942233,1.0,False,878,1614,False,
ai_fair_recruitment,in_processing,random_forest,gender,accuracy_equality_diff,0.01984038410911182,0.008198379981970897,0.03171148894543662,0.0,True,8410,14652,False,
ai_fair_recruitment,in_processing,gradient_boosting,gender,demographic_parity_diff,-0.006008992453701123,-0.013856875468052633,0.0020056792009823937,0.1455,False,8410,14652,False,
ai_fair_recruitment,in_processing,gradient_boosting,gender,disparate_impact_ratio,0.9388591238920054,0.8625758205783348,1.021485621116482,0.1455,False,8410,14652,False,
ai_fair_recruitment,in_processing,gradient_boosting,gender,equal_opportunity_diff,-0.0084038383337047,-0.028700099686978425,0.01362363657004259,0.4505,False,2066,3897,False,
ai_fair_recruitment,in_processing,gradient_boosting,gender,equalized_odds_diff,-0.0084038383337047,-0.028700099686978425,0.01362363657004259,0.4505,False,2066,3897,False,driven_by_tpr_gap
ai_fair_recruitment,in_processing,gradient_boosting,gender,predictive_parity_diff,-0.03147193585337915,-0.07420067296678122,0.013053407789232582,0.1515,False,776,1440,False,
ai_fair_recruitment,in_processing,gradient_boosting,gender,accuracy_equality_diff,0.013768254255769108,0.0016304214981384929,0.025601406454557454,0.019,True,8410,14652,False,
ai_fair_recruitment,post_processing,logistic_regression,gender,demographic_parity_diff,-0.01612818093198594,-0.024533158983218433,-0.008313572463394106,0.0,True,8410,14652,False,
ai_fair_recruitment,post_processing,logistic_regression,gender,disparate_impact_ratio,0.8461537416275519,0.7726199853925806,0.9183927685337006,0.0,True,8410,14652,False,
ai_fair_recruitment,post_processing,logistic_regression,gender,equal_opportunity_diff,-0.020971526984417982,-0.04207730410937397,0.0013362352602754285,0.061,False,2066,3897,False,
ai_fair_recruitment,post_processing,logistic_regression,gender,equalized_odds_diff,-0.020971526984417982,-0.04207730410937397,0.0013362352602754285,0.061,False,2066,3897,False,driven_by_tpr_gap
ai_fair_recruitment,post_processing,logistic_regression,gender,predictive_parity_diff,-0.008001005361930269,-0.051699340929401205,0.03467455771056746,0.699,False,746,1536,False,
ai_fair_recruitment,post_processing,logistic_regression,gender,accuracy_equality_diff,0.017379129210282618,0.005446554272356895,0.029107257863203107,0.0025,True,8410,14652,False,
ai_fair_recruitment,post_processing,random_forest,gender,demographic_parity_diff,-0.007941094266896875,-0.014762819651345222,-0.0006374191183941482,0.029,True,8410,14652,False,
ai_fair_recruitment,post_processing,random_forest,gender,disparate_impact_ratio,0.8984717054048861,0.8173814709831592,0.9914575883476531,0.025,True,8410,14652,False,
ai_fair_recruitment,post_processing,random_forest,gender,equal_opportunity_diff,0.0003524939505927249,-0.018706508046872995,0.01999148388029512,1.0,False,2066,3897,False,
ai_fair_recruitment,post_processing,random_forest,gender,equalized_odds_diff,-0.007806935159634244,-0.014408696825957955,-0.001580973071558853,0.0185,True,6344,10755,False,driven_by_fpr_gap
ai_fair_recruitment,post_processing,random_forest,gender,predictive_parity_diff,0.016043443980829464,-0.03400694093780175,0.06261195418183746,0.562,False,591,1146,False,
ai_fair_recruitment,post_processing,random_forest,gender,accuracy_equality_diff,0.022108104212741564,0.010502133443572212,0.03485264883302933,0.0,True,8410,14652,False,
ai_fair_recruitment,post_processing,gradient_boosting,gender,demographic_parity_diff,-0.012067780676579723,-0.020112145168625552,-0.003836684890489879,0.005,True,8410,14652,False,
ai_fair_recruitment,post_processing,gradient_boosting,gender,disparate_impact_ratio,0.8847357016813904,0.8121044381134136,0.9622467167990892,0.003,True,8410,14652,False,
ai_fair_recruitment,post_processing,gradient_boosting,gender,equal_opportunity_diff,-0.014795927365876538,-0.03618302583887476,0.007864763547107564,0.188,False,2066,3897,False,
ai_fair_recruitment,post_processing,gradient_boosting,gender,equalized_odds_diff,-0.014795927365876538,-0.03618302583887476,0.007864763547107564,0.188,False,2066,3897,False,driven_by_tpr_gap
ai_fair_recruitment,post_processing,gradient_boosting,gender,predictive_parity_diff,-0.014934066173160176,-0.05712943498919657,0.02973329813068934,0.489,False,779,1534,False,
ai_fair_recruitment,post_processing,gradient_boosting,gender,accuracy_equality_diff,0.01626953404599074,0.004534519115375209,0.028456079579741823,0.005,True,8410,14652,False,
benefits_denial,baseline,logistic_regression,sex,demographic_parity_diff,-0.11654028728848588,-0.13037206191914844,-0.10175426490452838,0.0,True,2153,4360,False,
benefits_denial,baseline,logistic_regression,sex,disparate_impact_ratio,0.3142879043548429,0.258192847942765,0.3761719648822218,0.0,True,2153,4360,False,
benefits_denial,baseline,logistic_regression,sex,equal_opportunity_diff,-0.14891640866873063,-0.20791685095090667,-0.08947036709420612,0.0,True,238,1330,False,
benefits_denial,baseline,logistic_regression,sex,equalized_odds_diff,-0.14891640866873063,-0.20791685095090667,-0.08947036709420612,0.0,True,238,1330,False,driven_by_tpr_gap
benefits_denial,baseline,logistic_regression,sex,predictive_parity_diff,-0.20265211523792753,-0.298304289150971,-0.11373995188640507,0.0,True,115,741,False,
benefits_denial,baseline,logistic_regression,sex,accuracy_equality_diff,0.12865949794824372,0.10948015517072403,0.14722727674633646,0.0,True,2153,4360,False,
benefits_denial,baseline,logistic_regression,national_origin,demographic_parity_diff,0.14395124263898595,0.10958225621319494,0.17772911468210398,0.0,True,688,5825,False,
benefits_denial,baseline,logistic_regression,national_origin,disparate_impact_ratio,2.238565396940407,1.923112267363121,2.5683581276115994,0.0,True,688,5825,False,
benefits_denial,baseline,logistic_regression,national_origin,equal_opportunity_diff,0.3662815445424141,0.2866306881524272,0.44733100233100237,0.0,True,138,1430,False,
benefits_denial,baseline,logistic_regression,national_origin,equalized_odds_diff,0.3662815445424141,0.2866306881524272,0.44733100233100237,0.0,True,138,1430,False,driven_by_tpr_gap
benefits_denial,baseline,logistic_regression,national_origin,predictive_parity_diff,-0.15940354670209522,-0.24089991995576934,-0.07987506498436266,0.0005,True,179,677,False,
benefits_denial,baseline,logistic_regression,national_origin,accuracy_equality_diff,0.01831395348837206,-0.012405074109192596,0.049537067072562044,0.2495,False,688,5825,False,
benefits_denial,baseline,logistic_regression,age,demographic_parity_diff,0.06433617087326636,0.039128120330156946,0.09145722119420152,0.0,True,944,5569,False,
benefits_denial,baseline,logistic_regression,age,disparate_impact_ratio,1.526890001974705,1.3128139836299844,1.774536406714073,0.0,True,944,5569,False,
benefits_denial,baseline,logistic_regression,age,equal_opportunity_diff,0.055434782608695665,-0.007146739130434805,0.11956521739130438,0.101,False,280,1288,False,
benefits_denial,baseline,logistic_regression,age,equalized_odds_diff,0.055434782608695665,-0.007146739130434805,0.11956521739130438,0.101,False,280,1288,False,driven_by_tpr_gap
benefits_denial,baseline,logistic_regression,age,predictive_parity_diff,-0.018449197860962552,-0.0975317513368984,0.06190340909090906,0.659,False,176,680,False,
benefits_denial,baseline,logistic_regression,age,accuracy_equality_diff,-0.05082691412206197,-0.08215823216291152,-0.02100193432317518,0.0005,True,944,5569,False,
benefits_denial,baseline,logistic_regression,race,demographic_parity_diff,-0.03515370084149064,-0.05949213762515959,-0.011812583533066053,0.0085,True,690,5823,False,
benefits_denial,baseline,logistic_regression,race,disparate_impact_ratio,0.7399002726311468,0.5647023631552538,0.9143297326096825,0.0045,True,690,5823,False,
benefits_denial,baseline,logistic_regression,race,equal_opportunity_diff,0.10742540130650302,-0.0023475199422249566,0.2212191839280438,0.05,False,82,1486,False,
benefits_denial,baseline,logistic_regression,race,equalized_odds_diff,0.10742540130650302,-0.0023475199422249566,0.2212191839280438,0.05,False,82,1486,False,driven_by_tpr_gap
benefits_denial,baseline,logistic_regression,race,predictive_parity_diff,-0.12144817045098799,-0.24684501777065715,-0.005506141465480785,0.0475,True,69,787,False,
benefits_denial,baseline,logistic_regression,race,accuracy_equality_diff,0.09995968012902356,0.07432247683474072,0.12648767257278115,0.0,True,690,5823,False,
benefits_denial,baseline,logistic_regression,sex_x_national_origin,intersectional_demographic_parity_diff,-0.06385701604866333,-0.09716730472855595,-0.024851548502687504,0.0065,True,235,3907,False,
benefits_denial,baseline,logistic_regression,sex_x_age,intersectional_demographic_parity_diff,-0.06460017969451931,-0.09774772173020149,-0.029135220125786176,0.005,True,294,3710,False,
benefits_denial,baseline,logistic_regression,sex_x_race,intersectional_demographic_parity_diff,-0.11077401410197356,-0.13886457853523723,-0.08232584387438144,0.0,True,338,4008,False,
benefits_denial,baseline,logistic_regression,national_origin_x_age,intersectional_demographic_parity_diff,0.24520893174042702,0.14654860132823508,0.344666877824329,0.0,True,88,4969,False,superadditive
benefits_denial,baseline,logistic_regression,national_origin_x_race,intersectional_demographic_parity_diff,0.10496164908916587,0.016493288590604054,0.199803451581975,0.0085,True,80,5215,False,
benefits_denial,baseline,logistic_regression,age_x_race,intersectional_demographic_parity_diff,0.0557084158779074,-0.026662814586543376,0.14583058184753087,0.174,False,77,4956,False,
benefits_denial,baseline,random_forest,sex,demographic_parity_diff,-0.1774336641426301,-0.19410200775960146,-0.15878535710785463,0.0,True,2153,4360,False,
benefits_denial,baseline,random_forest,sex,disparate_impact_ratio,0.31417749514561527,0.2690281146580259,0.36704470389445026,0.0,True,2153,4360,False,
benefits_denial,baseline,random_forest,sex,equal_opportunity_diff,-0.06267138434321096,-0.1310106147722247,0.00769681556833254,0.0695,False,238,1330,False,
benefits_denial,baseline,random_forest,sex,equalized_odds_diff,-0.07886582391920655,-0.0915663642082224,-0.06588596196434265,0.0,True,1915,3030,False,driven_by_fpr_gap
benefits_denial,baseline,random_forest,sex,predictive_parity_diff,0.026448834853090242,-0.04509333839918938,0.09393857649442745,0.462,False,175,1128,False,
benefits_denial,baseline,random_forest,sex,accuracy_equality_diff,0.11795020389727162,0.10204340433872933,0.1347288453917512,0.0,True,2153,4360,False,
benefits_denial,baseline,random_forest,national_origin,demographic_parity_diff,-0.028671524104202012,-0.0594867065076355,0.001729688591675811,0.076,False,688,5825,False,
benefits_denial,baseline,random_forest,national_origin,disparate_impact_ratio,0.8588243401870175,0.713180362373785,1.0090210956680674,0.063,False,688,5825,False,
benefits_denial,baseline,random_forest,national_origin,equal_opportunity_diff,0.04867740954697475,-0.03968734164386341,0.13207813925205222,0.2825,False,138,1430,False,
benefits_denial,baseline,random_forest,national_origin,equalized_odds_diff,0.04867740954697475,-0.03968734164386341,0.13207813925205222,0.2825,False,138,1430,False,driven_by_tpr_gap
benefits_denial,baseline,random_forest,national_origin,predictive_parity_diff,0.020498732037193546,-0.05875193716539859,0.10407156945618479,0.656,False,120,1183,False,
benefits_denial,baseline,random_forest,national_origin,accuracy_equality_diff,0.03890258508833222,0.012603771583990385,0.0650679521409322,0.0065,True,688,5825,False,
benefits_denial,baseline,random_forest,age,demographic_parity_diff,0.03238702593959905,0.0032974750890979584,0.06238955488311503,0.0215,True,944,5569,False,
benefits_denial,baseline,random_forest,age,disparate_impact_ratio,1.165774287004249,1.0162325974420383,1.3259455898625296,0.0345,True,944,5569,False,
benefits_denial,baseline,random_forest,age,equal_opportunity_diff,-0.061645962732919224,-0.12314052795031062,0.0015527950310558758,0.064,False,280,1288,False,
benefits_denial,baseline,random_forest,age,equalized_odds_diff,-0.061645962732919224,-0.12314052795031062,0.0015527950310558758,0.064,False,280,1288,False,driven_by_tpr_gap
benefits_denial,baseline,random_forest,age,predictive_parity_diff,-0.006955369357045105,-0.07466366706566345,0.05707645776333784,0.8645,False,215,1088,False,
benefits_denial,baseline,random_forest,age,accuracy_equality_diff,-0.05343574904662918,-0.0819314879812886,-0.02642737414440107,0.0,True,944,5569,False,
benefits_denial,baseline,random_forest,race,demographic_parity_diff,-0.12326531221766757,-0.14647566994452285,-0.09953734814715261,0.0,True,690,5823,False,
benefits_denial,baseline,random_forest,race,disparate_impact_ratio,0.4216192222947545,0.3237508052416536,0.5243509614602255,0.0,True,690,5823,False,
benefits_denial,baseline,random_forest,race,equal_opportunity_diff,-0.04938778189935322,-0.1611627219906116,0.05887716245937684,0.4155,False,82,1486,False,
benefits_denial,baseline,random_forest,race,equalized_odds_diff,-0.05069596980692451,-0.06577697793162869,-0.035723432020072096,0.0,True,608,4337,False,driven_by_fpr_gap
benefits_denial,baseline,random_forest,race,predictive_parity_diff,0.011073275974110341,-0.10666508538899436,0.11912934418133143,0.8785,False,62,1241,False,
benefits_denial,baseline,random_forest,race,accuracy_equality_diff,0.0814297127582525,0.06014065288324413,0.10288946008706104,0.0,True,690,5823,False,
benefits_denial,baseline,random_forest,sex_x_national_origin,intersectional_demographic_parity_diff,-0.19800793992234345,-0.2306114230323097,-0.16047391751847478,0.0,True,235,3907,False,
benefits_denial,baseline,random_forest,sex_x_age,intersectional_demographic_parity_diff,-0.17719163136952895,-0.20959055320241307,-0.1426004364009755,0.0,True,294,3710,False,
benefits_denial,baseline,random_forest,sex_x_race,intersectional_demographic_parity_diff,-0.21720464396650485,-0.24493793478132495,-0.1884715406465176,0.0,True,338,4008,False,
benefits_denial,baseline,random_forest,national_origin_x_age,intersectional_demographic_parity_diff,0.03960235276898591,-0.04659937064344386,0.13433749474011597,0.4205,False,88,4969,False,
benefits_denial,baseline,random_forest,national_origin_x_race,intersectional_demographic_parity_diff,-0.11649089165867688,-0.17474203020134224,-0.044942473633748814,0.0125,True,80,5215,False,
benefits_denial,baseline,random_forest,age_x_race,intersectional_demographic_parity_diff,-0.079169418152469,-0.14996102061780028,-0.004465661457186917,0.089,False,77,4956,False,
benefits_denial,baseline,gradient_boosting,sex,demographic_parity_diff,-0.16978506628259266,-0.1857289513885042,-0.15223466988669537,0.0,True,2153,4360,False,
benefits_denial,baseline,gradient_boosting,sex,disparate_impact_ratio,0.28957793517091995,0.24483327581278222,0.3433139820344468,0.0,True,2153,4360,False,
benefits_denial,baseline,gradient_boosting,sex,equal_opportunity_diff,-0.08801415302963289,-0.1547987616099072,-0.021538036267138384,0.013,True,238,1330,False,
benefits_denial,baseline,gradient_boosting,sex,equalized_odds_diff,-0.08801415302963289,-0.1547987616099072,-0.021538036267138384,0.013,True,238,1330,False,driven_by_tpr_gap
benefits_denial,baseline,gradient_boosting,sex,predictive_parity_diff,0.05486351749990337,-0.013204150510762704,0.11817104432621828,0.1265,False,149,1042,False,
benefits_denial,baseline,gradient_boosting,sex,accuracy_equality_diff,0.10791598665399682,0.0931729462196977,0.1233711175360176,0.0,True,2153,4360,False,
benefits_denial,baseline,gradient_boosting,national_origin,demographic_parity_diff,-0.01756986725222079,-0.046802693632099004,0.011428673021259576,0.2795,False,688,5825,False,
benefits_denial,baseline,gradient_boosting,national_origin,disparate_impact_ratio,0.9048848302060204,0.7500384187166479,1.0625412890275658,0.259,False,688,5825,False,
benefits_denial,baseline,gradient_boosting,national_origin,equal_opportunity_diff,0.06196412283368802,-0.02505650146954496,0.1481668693625215,0.1775,False,138,1430,False,
benefits_denial,baseline,gradient_boosting,national_origin,equalized_odds_diff,0.06196412283368802,-0.02505650146954496,0.1481668693625215,0.1775,False,138,1430,False,driven_by_tpr_gap
benefits_denial,baseline,gradient_boosting,national_origin,predictive_parity_diff,-0.0017779214481977723,-0.08066833683529973,0.07489090027476974,1.0,False,115,1076,False,
benefits_denial,baseline,gradient_boosting,national_origin,accuracy_equality_diff,0.0343245333865656,0.009254110939215507,0.05924223350633787,0.013,True,688,5825,False,
benefits_denial,baseline,gradient_boosting,age,demographic_parity_diff,0.026481719323981745,-0.0021976509643273456,0.05546151935198174,0.0555,False,944,5569,False,
benefits_denial,baseline,gradient_boosting,age,disparate_impact_ratio,1.1479196300409575,0.9880172021721995,1.3156579480647597,0.069,False,944,5569,False,
benefits_denial,baseline,gradient_boosting,age,equal_opportunity_diff,-0.06428571428571428,-0.12717779503105595,-0.0012305900621118885,0.0505,False,280,1288,False,
benefits_denial,baseline,gradient_boosting,age,equalized_odds_diff,-0.06428571428571428,-0.12717779503105595,-0.0012305900621118885,0.0505,False,280,1288,False,driven_by_tpr_gap
benefits_denial,baseline,gradient_boosting,age,predictive_parity_diff,-0.0008479045383573691,-0.06114218945496275,0.06089324675056089,1.0,False,194,997,False,
benefits_denial,baseline,gradient_boosting,age,accuracy_equality_diff,-0.05061805515398499,-0.07735789505921094,-0.025081413149669374,0.0,True,944,5569,False,
benefits_denial,baseline,gradient_boosting,race,demographic_parity_diff,-0.10241023228725668,-0.12522188995661881,-0.07847557287816682,0.0,True,690,5823,False,
benefits_denial,baseline,gradient_boosting,race,disparate_impact_ratio,0.4713371416623479,0.36296830269533636,0.5859625781053295,0.0,True,690,5823,False,
benefits_denial,baseline,gradient_boosting,race,equal_opportunity_diff,-0.07520598759150443,-0.1794311952204313,0.03507985096674644,0.193,False,82,1486,False,
benefits_denial,baseline,gradient_boosting,race,equalized_odds_diff,-0.07520598759150443,-0.1794311952204313,0.03507985096674644,0.193,False,82,1486,False,driven_by_tpr_gap
benefits_denial,baseline,gradient_boosting,race,predictive_parity_diff,-0.10735393448159403,-0.22644587977034786,0.0038236659912187867,0.0545,False,63,1128,False,
benefits_denial,baseline,gradient_boosting,race,accuracy_equality_diff,0.05737442973515816,0.03521537531079895,0.08065915522403655,0.0,True,690,5823,False,
benefits_denial,baseline,gradient_boosting,sex_x_national_origin,intersectional_demographic_parity_diff,-0.19727276192758225,-0.22511223717386689,-0.16644732041235324,0.0,True,235,3907,False,superadditive
benefits_denial,baseline,gradient_boosting,sex_x_age,intersectional_demographic_parity_diff,-0.15967141573610577,-0.19298517520215633,-0.1264272878962906,0.0,True,294,3710,False,
benefits_denial,baseline,gradient_boosting,sex_x_race,intersectional_demographic_parity_diff,-0.2009162149074632,-0.22715072812953974,-0.17403949497454796,0.0,True,338,4008,False,
benefits_denial,baseline,gradient_boosting,national_origin_x_age,intersectional_demographic_parity_diff,0.023422492178781174,-0.056530489031998366,0.11454054913189042,0.591,False,88,4969,False,
benefits_denial,baseline,gradient_boosting,national_origin_x_race,intersectional_demographic_parity_diff,-0.05885666347075741,-0.12925455417066156,0.021518156759347994,0.206,False,80,5215,False,
benefits_denial,baseline,gradient_boosting,age_x_race,intersectional_demographic_parity_diff,-0.06060606060606061,-0.1303887849438697,0.016720779220779185,0.195,False,77,4956,False,
benefits_denial,unawareness,logistic_regression,sex,demographic_parity_diff,-0.0979795633999071,-0.11202805877866172,-0.08360567929537199,0.0,True,2153,4360,False,
benefits_denial,unawareness,logistic_regression,sex,disparate_impact_ratio,0.3468072652855174,0.28304579010296377,0.4184265957644705,0.0,True,2153,4360,False,
benefits_denial,unawareness,logistic_regression,sex,equal_opportunity_diff,-0.11747014595311808,-0.17647390535161434,-0.05707209199469275,0.001,True,238,1330,False,
benefits_denial,unawareness,logistic_regression,sex,equalized_odds_diff,-0.11747014595311808,-0.17647390535161434,-0.05707209199469275,0.001,True,238,1330,False,driven_by_tpr_gap
benefits_denial,unawareness,logistic_regression,sex,predictive_parity_diff,-0.2181629532546963,-0.31662434469200523,-0.11816773154215826,0.0,True,112,654,False,
benefits_denial,unawareness,logistic_regression,sex,accuracy_equality_diff,0.132552827929452,0.1134122964755814,0.1504885944297908,0.0,True,2153,4360,False,
benefits_denial,unawareness,logistic_regression,national_origin,demographic_parity_diff,-0.014490468110589877,-0.039132866304022365,0.011924668130551958,0.299,False,688,5825,False,
benefits_denial,unawareness,logistic_regression,national_origin,disparate_impact_ratio,0.878377135027381,0.6793032129266162,1.1011451829144543,0.2735,False,688,5825,False,
benefits_denial,unawareness,logistic_regression,national_origin,equal_opportunity_diff,0.04718759501368197,-0.03322185061315497,0.13129725347116647,0.2935,False,138,1430,False,
benefits_denial,unawareness,logistic_regression,national_origin,equalized_odds_diff,0.04718759501368197,-0.03322185061315497,0.13129725347116647,0.2935,False,138,1430,False,driven_by_tpr_gap
benefits_denial,unawareness,logistic_regression,national_origin,predictive_parity_diff,0.04406820365033626,-0.07084834293948127,0.15322106147934675,0.509,False,72,694,False,
benefits_denial,unawareness,logistic_regression,national_origin,accuracy_equality_diff,0.04937518714442568,0.020038164986525636,0.07872111113883618,0.0025,True,688,5825,False,
benefits_denial,unawareness,logistic_regression,age,demographic_parity_diff,0.06067486174981966,0.03742242449120587,0.08665758789576682,0.0,True,944,5569,False,
benefits_denial,unawareness,logistic_regression,age,disparate_impact_ratio,1.557582838128581,1.3329956535847087,1.8183816673535727,0.0,True,944,5569,False,
benefits_denial,unawareness,logistic_regression,age,equal_opportunity_diff,0.05031055900621123,-0.009479813664596253,0.11445652173913036,0.112,False,280,1288,False,
benefits_denial,unawareness,logistic_regression,age,equalized_odds_diff,0.05031055900621123,-0.009479813664596253,0.11445652173913036,0.112,False,280,1288,False,driven_by_tpr_gap
benefits_denial,unawareness,logistic_regression,age,predictive_parity_diff,-0.03116749174917488,-0.11701990511551157,0.05304094471947181,0.5135,False,160,606,False,
benefits_denial,unawareness,logistic_regression,age,accuracy_equality_diff,-0.05466893000295214,-0.08635871794071898,-0.025274217748979724,0.0,True,944,5569,False,
benefits_denial,unawareness,logistic_regression,race,demographic_parity_diff,-0.042391864346034105,-0.06425251439195392,-0.022250427465298785,0.001,True,690,5823,False,
benefits_denial,unawareness,logistic_regression,race,disparate_impact_ratio,0.6528188404345086,0.48481293321817026,0.8146600839281094,0.0,True,690,5823,False,
benefits_denial,unawareness,logistic_regression,race,equal_opportunity_diff,0.06722909759380236,-0.045891737517644304,0.17623018087516001,0.2365,False,82,1486,False,
benefits_denial,unawareness,logistic_regression,race,equalized_odds_diff,0.06722909759380236,-0.045891737517644304,0.17623018087516001,0.2365,False,82,1486,False,driven_by_tpr_gap
benefits_denial,unawareness,logistic_regression,race,predictive_parity_diff,-0.09328730341388569,-0.23302135276818822,0.03950901419255848,0.1745,False,55,711,False,
benefits_denial,unawareness,logistic_regression,race,accuracy_equality_diff,0.10663635209700661,0.07949516161548283,0.13290090271711125,0.0,True,690,5823,False,
benefits_denial,unawareness,logistic_regression,sex_x_national_origin,intersectional_demographic_parity_diff,-0.11696845269538036,-0.14115635329931547,-0.08929308551481521,0.0,True,235,3907,False,superadditive
benefits_denial,unawareness,logistic_regression,sex_x_age,intersectional_demographic_parity_diff,-0.05172635091772558,-0.08476447182646643,-0.013292260300346574,0.0195,True,294,3710,False,
benefits_denial,unawareness,logistic_regression,sex_x_race,intersectional_demographic_parity_diff,-0.09797859901498776,-0.12464213584664989,-0.07053024129256281,0.0,True,338,4008,False,
benefits_denial,unawareness,logistic_regression,national_origin_x_age,intersectional_demographic_parity_diff,0.01531998390018112,-0.053669169304231684,0.09308942717576228,0.7195,False,88,4969,False,
benefits_denial,unawareness,logistic_regression,national_origin_x_race,intersectional_demographic_parity_diff,0.012859539789070007,-0.058113614573346115,0.0915076701821668,0.7355,False,80,5215,False,
benefits_denial,unawareness,logistic_regression,age_x_race,intersectional_demographic_parity_diff,0.02945924132364809,-0.04052525863966541,0.1086139848851712,0.479,False,77,4956,False,
benefits_denial,unawareness,random_forest,sex,demographic_parity_diff,-0.17552401811852036,-0.19309370432551973,-0.15700427342688034,0.0,True,2153,4360,False,
benefits_denial,unawareness,random_forest,sex,disparate_impact_ratio,0.3322148277020965,0.28480807374395706,0.385734416873566,0.0,True,2153,4360,False,
benefits_denial,unawareness,random_forest,sex,equal_opportunity_diff,-0.05360459973463072,-0.1180019902697921,0.01424922600619194,0.1355,False,238,1330,False,
benefits_denial,unawareness,random_forest,sex,equalized_odds_diff,-0.08860826030383717,-0.1021158734672423,-0.0743410326672354,0.0,True,1915,3030,False,driven_by_fpr_gap
benefits_denial,unawareness,random_forest,sex,predictive_parity_diff,-0.005968957706732114,-0.08106735732055993,0.063973209312688,0.9385,False,188,1146,False,
benefits_denial,unawareness,random_forest,sex,accuracy_equality_diff,0.1297444998870788,0.11337251307115731,0.14656269042130252,0.0,True,2153,4360,False,
benefits_denial,unawareness,random_forest,national_origin,demographic_parity_diff,-0.027492763748877158,-0.05716941561034036,0.004129441561034036,0.1025,False,688,5825,False,
benefits_denial,unawareness,random_forest,national_origin,disparate_impact_ratio,0.8676491091791154,0.7292734638519469,1.01957879629069,0.0825,False,688,5825,False,
benefits_denial,unawareness,random_forest,national_origin,equal_opportunity_diff,0.0801459410155062,-0.0056060606060606005,0.16208878078443298,0.065,False,138,1430,False,
benefits_denial,unawareness,random_forest,national_origin,equalized_odds_diff,0.0801459410155062,-0.0056060606060606005,0.16208878078443298,0.065,False,138,1430,False,driven_by_tpr_gap
benefits_denial,unawareness,random_forest,national_origin,predictive_parity_diff,0.049773393761663565,-0.028849640095974363,0.13168088509730738,0.2605,False,124,1210,False,
benefits_denial,unawareness,random_forest,national_origin,accuracy_equality_diff,0.05317446850983132,0.026225140982133893,0.07755505165186145,0.0,True,688,5825,False,
benefits_denial,unawareness,random_forest,age,demographic_parity_diff,0.019387172026746113,-0.009019145595624707,0.04718455543094184,0.175,False,944,5569,False,
benefits_denial,unawareness,random_forest,age,disparate_impact_ratio,1.09597033471836,0.9578350374565927,1.2414209266130256,0.1925,False,944,5569,False,
benefits_denial,unawareness,random_forest,age,equal_opportunity_diff,-0.04409937888198767,-0.10777173913043485,0.020500776397515578,0.1915,False,280,1288,False,
benefits_denial,unawareness,random_forest,age,equalized_odds_diff,-0.04409937888198767,-0.10777173913043485,0.020500776397515578,0.1915,False,280,1288,False,driven_by_tpr_gap
benefits_denial,unawareness,random_forest,age,predictive_parity_diff,0.05527272727272725,-0.011514938862307355,0.12158639021796912,0.123,False,209,1125,False,
benefits_denial,unawareness,random_forest,age,accuracy_equality_diff,-0.03418610437317959,-0.06092233014325668,-0.006835765709694451,0.008,True,944,5569,False,
benefits_denial,unawareness,random_forest,race,demographic_parity_diff,-0.09292684930074889,-0.11986354710331593,-0.06727622471608091,0.0,True,690,5823,False,
benefits_denial,unawareness,random_forest,race,disparate_impact_ratio,0.5671115817847988,0.4541383504213396,0.6826752564160703,0.0,True,690,5823,False,
benefits_denial,unawareness,random_forest,race,equal_opportunity_diff,-0.019105143945113645,-0.13434371204411902,0.08864277976561724,0.822,False,82,1486,False,
benefits_denial,unawareness,random_forest,race,equalized_odds_diff,-0.0269627622780724,-0.04834434122544082,-0.0059607394451658535,0.033,True,608,4337,False,driven_by_fpr_gap
benefits_denial,unawareness,random_forest,race,predictive_parity_diff,-0.14198095238095232,-0.2507414285714286,-0.030130952380952404,0.0085,True,84,1250,False,
benefits_denial,unawareness,random_forest,race,accuracy_equality_diff,0.06654720038229212,0.04238290437470593,0.09080253343189307,0.0,True,690,5823,False,
benefits_denial,unawareness,random_forest,sex_x_national_origin,intersectional_demographic_parity_diff,-0.18559377876043542,-0.2214383893611575,-0.14780701849925665,0.0,True,235,3907,False,
benefits_denial,unawareness,random_forest,sex_x_age,intersectional_demographic_parity_diff,-0.1742651777692209,-0.21006802721088436,-0.1378898729303042,0.0,True,294,3710,False,
benefits_denial,unawareness,random_forest,sex_x_race,intersectional_demographic_parity_diff,-0.1972430877889192,-0.22672343921624208,-0.16569316987327123,0.0,True,338,4008,False,
benefits_denial,unawareness,random_forest,national_origin_x_age,intersectional_demographic_parity_diff,0.010636400226861076,-0.07324176942498033,0.09774459604090806,0.895,False,88,4969,False,
benefits_denial,unawareness,random_forest,national_origin_x_race,intersectional_demographic_parity_diff,-0.08052492809204218,-0.14976120565675932,0.0025623202301052702,0.1015,False,80,5215,False,
benefits_denial,unawareness,random_forest,age_x_race,intersectional_demographic_parity_diff,-0.09498128989654413,-0.16065191870276616,-0.021771589991928967,0.0455,True,77,4956,False,
benefits_denial,unawareness,gradient_boosting,sex,demographic_parity_diff,-0.1582941660239393,-0.1745807269140137,-0.14111130671092612,0.0,True,2153,4360,False,
benefits_denial,unawareness,gradient_boosting,sex,disparate_impact_ratio,0.3098404452312835,0.26183153876054205,0.3633325515712883,0.0,True,2153,4360,False,
benefits_denial,unawareness,gradient_boosting,sex,equal_opportunity_diff,-0.08376824413976114,-0.15099845201238385,-0.014903803626713763,0.0185,True,238,1330,False,
benefits_denial,unawareness,gradient_boosting,sex,equalized_odds_diff,-0.08376824413976114,-0.15099845201238385,-0.014903803626713763,0.0185,True,238,1330,False,driven_by_tpr_gap
benefits_denial,unawareness,gradient_boosting,sex,predictive_parity_diff,0.002313725490196039,-0.07443970588235285,0.06806535947712422,1.0,False,153,1000,False,
benefits_denial,unawareness,gradient_boosting,sex,accuracy_equality_diff,0.10555337762115591,0.08969173587526681,0.1212324013431226,0.0,True,2153,4360,False,
benefits_denial,unawareness,gradient_boosting,national_origin,demographic_parity_diff,-0.007795937718335172,-0.03787422646970757,0.021720518514821846,0.6395,False,688,5825,False,
benefits_denial,unawareness,gradient_boosting,national_origin,disparate_impact_ratio,0.9561669093807437,0.7911686742060574,1.126026457373107,0.6395,False,688,5825,False,
benefits_denial,unawareness,gradient_boosting,national_origin,equal_opportunity_diff,0.0684503901895206,-0.018921404682274177,0.15287574744096477,0.1285,False,138,1430,False,
benefits_denial,unawareness,gradient_boosting,national_origin,equalized_odds_diff,0.0684503901895206,-0.018921404682274177,0.15287574744096477,0.1285,False,138,1430,False,driven_by_tpr_gap
benefits_denial,unawareness,gradient_boosting,national_origin,predictive_parity_diff,-0.03357753357753357,-0.11796624921624918,0.045433414183414116,0.399,False,117,1036,False,
benefits_denial,unawareness,gradient_boosting,national_origin,accuracy_equality_diff,0.029037079548857148,0.002597271434274863,0.05495381899391149,0.0395,True,688,5825,False,
benefits_denial,unawareness,gradient_boosting,age,demographic_parity_diff,0.01967744414449238,-0.007022188507202415,0.04747211694732647,0.167,False,944,5569,False,
benefits_denial,unawareness,gradient_boosting,age,disparate_impact_ratio,1.1129722240189304,0.9602086798684244,1.27979492592126,0.1875,False,944,5569,False,
benefits_denial,unawareness,gradient_boosting,age,equal_opportunity_diff,-0.06987577639751552,-0.13292701863354037,-0.006816770186335512,0.035,True,280,1288,False,
benefits_denial,unawareness,gradient_boosting,age,equalized_odds_diff,-0.06987577639751552,-0.13292701863354037,-0.006816770186335512,0.035,True,280,1288,False,driven_by_tpr_gap
benefits_denial,unawareness,gradient_boosting,age,predictive_parity_diff,0.011937355641935654,-0.053964283702326594,0.07101825249281725,0.794,False,183,970,False,
benefits_denial,unawareness,gradient_boosting,age,accuracy_equality_diff,-0.04966601586871633,-0.07783921701854399,-0.023769339427399238,0.0,True,944,5569,False,
benefits_denial,unawareness,gradient_boosting,race,demographic_parity_diff,-0.08940035391886744,-0.11308598212485718,-0.06474124349468749,0.0,True,690,5823,False,
benefits_denial,unawareness,gradient_boosting,race,disparate_impact_ratio,0.5206487388515917,0.4018485212057313,0.6450883470024728,0.0,True,690,5823,False,
benefits_denial,unawareness,gradient_boosting,race,equal_opportunity_diff,-0.040803597807175906,-0.14770582345796543,0.06805017562288665,0.5085,False,82,1486,False,
benefits_denial,unawareness,gradient_boosting,race,equalized_odds_diff,-0.040803597807175906,-0.14770582345796543,0.06805017562288665,0.5085,False,82,1486,False,driven_by_tpr_gap
benefits_denial,unawareness,gradient_boosting,race,predictive_parity_diff,-0.13333883070833674,-0.25187185618866986,-0.022415546576509793,0.01,True,67,1086,False,
benefits_denial,unawareness,gradient_boosting,race,accuracy_equality_diff,0.05859746582144276,0.037069286711615905,0.08158137893958735,0.0,True,690,5823,False,
benefits_denial,unawareness,gradient_boosting,sex_x_national_origin,intersectional_demographic_parity_diff,-0.17801218761742427,-0.20687146365770112,-0.14403149829275333,0.0,True,235,3907,False,superadditive
benefits_denial,unawareness,gradient_boosting,sex_x_age,intersectional_demographic_parity_diff,-0.14818380182261584,-0.1819070080862534,-0.11466660249005263,0.0,True,294,3710,False,
benefits_denial,unawareness,gradient_boosting,sex_x_race,intersectional_demographic_parity_diff,-0.1813119323483211,-0.20758457198029973,-0.1523302138326897,0.0,True,338,4008,False,
benefits_denial,unawareness,gradient_boosting,national_origin_x_age,intersectional_demographic_parity_diff,0.01809628789403392,-0.06106679595309094,0.10791275224574173,0.668,False,88,4969,False,
benefits_denial,unawareness,gradient_boosting,national_origin_x_race,intersectional_demographic_parity_diff,-0.038111217641418976,-0.10928092042186002,0.047868228667305765,0.3835,False,80,5215,False,
benefits_denial,unawareness,gradient_boosting,age_x_race,intersectional_demographic_parity_diff,-0.028780541492405914,-0.10589551691246607,0.05110288722576849,0.5545,False,77,4956,False,
benefits_denial,unawareness_proxy_removal,logistic_regression,sex,demographic_parity_diff,-0.05088067854966614,-0.0641802669200646,-0.03663647801020126,0.0,True,2153,4360,False,
benefits_denial,unawareness_proxy_removal,logistic_regression,sex,disparate_impact_ratio,0.5349313820180923,0.4411394158532143,0.646785089181394,0.0,True,2153,4360,False,
benefits_denial,unawareness_proxy_removal,logistic_regression,sex,equal_opportunity_diff,0.018133569217160528,-0.0396793454223795,0.08178571428571424,0.583,False,238,1330,False,
benefits_denial,unawareness_proxy_removal,logistic_regression,sex,equalized_odds_diff,0.018133569217160528,-0.0396793454223795,0.08178571428571424,0.583,False,238,1330,False,driven_by_tpr_gap
benefits_denial,unawareness_proxy_removal,logistic_regression,sex,predictive_parity_diff,-0.23285414794848758,-0.32198262952979934,-0.14343366277328548,0.0,True,126,477,False,
benefits_denial,unawareness_proxy_removal,logistic_regression,sex,accuracy_equality_diff,0.13386068937305318,0.11650885578902068,0.15161946526502382,0.0,True,2153,4360,False,
benefits_denial,unawareness_proxy_removal,logistic_regression,national_origin,demographic_parity_diff,0.00536655354825831,-0.01644753717935922,0.02957460200618823,0.673,False,688,5825,False,
benefits_denial,unawareness_proxy_removal,logistic_regression,national_origin,disparate_impact_ratio,1.0583205871290757,0.8240212778719894,1.330076876881477,0.673,False,688,5825,False,
benefits_denial,unawareness_proxy_removal,logistic_regression,national_origin,equal_opportunity_diff,0.06066686936252158,-0.016504256612952222,0.1406108746326135,0.148,False,138,1430,False,
benefits_denial,unawareness_proxy_removal,logistic_regression,national_origin,equalized_odds_diff,0.06066686936252158,-0.016504256612952222,0.1406108746326135,0.148,False,138,1430,False,driven_by_tpr_gap
benefits_denial,unawareness_proxy_removal,logistic_regression,national_origin,predictive_parity_diff,-0.05410447761194026,-0.17164179104477606,0.05970149253731338,0.3555,False,67,536,False,
benefits_denial,unawareness_proxy_removal,logistic_regression,national_origin,accuracy_equality_diff,0.037438117576604424,0.0079819842299631,0.06625782887513719,0.0195,True,688,5825,False,
benefits_denial,unawareness_proxy_removal,logistic_regression,age,demographic_parity_diff,0.027999656086507937,0.005892828338471767,0.050679062706386134,0.006,True,944,5569,False,
benefits_denial,unawareness_proxy_removal,logistic_regression,age,disparate_impact_ratio,1.31628463155507,1.0630530888599947,1.5898166553405404,0.013,True,944,5569,False,
benefits_denial,unawareness_proxy_removal,logistic_regression,age,equal_opportunity_diff,0.013354037267080732,-0.04674689440993788,0.07268633540372661,0.6625,False,280,1288,False,
benefits_denial,unawareness_proxy_removal,logistic_regression,age,equalized_odds_diff,0.013354037267080732,-0.04674689440993788,0.07268633540372661,0.6625,False,280,1288,False,driven_by_tpr_gap
benefits_denial,unawareness_proxy_removal,logistic_regression,age,predictive_parity_diff,0.014032823160612162,-0.07499539000553201,0.09585284897658114,0.802,False,110,493,False,
benefits_denial,unawareness_proxy_removal,logistic_regression,age,accuracy_equality_diff,-0.046554625940816385,-0.07636153506395874,-0.017735445687537862,0.0015,True,944,5569,False,
benefits_denial,unawareness_proxy_removal,logistic_regression,race,demographic_parity_diff,-0.04195655907234431,-0.059864107101523935,-0.02341438374063872,0.0,True,690,5823,False,
benefits_denial,unawareness_proxy_removal,logistic_regression,race,disparate_impact_ratio,0.56759199014793,0.39901551013152853,0.7535106809780264,0.0,True,690,5823,False,
benefits_denial,unawareness_proxy_removal,logistic_regression,race,equal_opportunity_diff,0.031152545711190638,-0.07105792272592978,0.13738182385188588,0.632,False,82,1486,False,
benefits_denial,unawareness_proxy_removal,logistic_regression,race,equalized_odds_diff,0.031152545711190638,-0.07105792272592978,0.13738182385188588,0.632,False,82,1486,False,driven_by_tpr_gap
benefits_denial,unawareness_proxy_removal,logistic_regression,race,predictive_parity_diff,-0.0735444806707033,-0.22790521658127608,0.07419655333022823,0.325,False,38,565,False,
benefits_denial,unawareness_proxy_removal,logistic_regression,race,accuracy_equality_diff,0.1044165192004719,0.07916679733291514,0.12833419199725224,0.0,True,690,5823,False,
benefits_denial,unawareness_proxy_removal,logistic_regression,sex_x_national_origin,intersectional_demographic_parity_diff,-0.060946800341993915,-0.08795255651340475,-0.030795762107292485,0.002,True,235,3907,False,superadditive
benefits_denial,unawareness_proxy_removal,logistic_regression,sex_x_age,intersectional_demographic_parity_diff,-0.03628545757925811,-0.06559010396611475,-0.0058599666281607295,0.065,False,294,3710,False,
benefits_denial,unawareness_proxy_removal,logistic_regression,sex_x_race,intersectional_demographic_parity_diff,-0.06347659710165468,-0.08746918145956607,-0.03752255105174269,0.001,True,338,4008,False,
benefits_denial,unawareness_proxy_removal,logistic_regression,national_origin_x_age,intersectional_demographic_parity_diff,0.02589235075650853,-0.03475960043176786,0.10020805128158215,0.4435,False,88,4969,False,
benefits_denial,unawareness_proxy_removal,logistic_regression,national_origin_x_race,intersectional_demographic_parity_diff,0.00297219558964526,-0.059748322147650954,0.07241520853307763,1.0,False,80,5215,False,
benefits_denial,unawareness_proxy_removal,logistic_regression,age_x_race,intersectional_demographic_parity_diff,-0.027881722796977038,-0.0804351016215423,0.031738847310881176,0.4485,False,77,4956,False,
benefits_denial,unawareness_proxy_removal,random_forest,sex,demographic_parity_diff,-0.0633407832893722,-0.07673011202631702,-0.048987858844283846,0.0,True,2153,4360,False,
benefits_denial,unawareness_proxy_removal,random_forest,sex,disparate_impact_ratio,0.4531417211097687,0.36592826029001435,0.5491325134883338,0.0,True,2153,4360,False,
benefits_denial,unawareness_proxy_removal,random_forest,sex,equal_opportunity_diff,0.016983635559486954,-0.046708314904909315,0.08288367978770456,0.641,False,238,1330,False,
benefits_denial,unawareness_proxy_removal,random_forest,sex,equalized_odds_diff,0.016983635559486954,-0.046708314904909315,0.08288367978770456,0.641,False,238,1330,False,driven_by_tpr_gap
benefits_denial,unawareness_proxy_removal,random_forest,sex,predictive_parity_diff,-0.14586874616665213,-0.22959782703934117,-0.06607990887584352,0.0,True,113,505,False,
benefits_denial,unawareness_proxy_removal,random_forest,sex,accuracy_equality_diff,0.12764001159039873,0.1103786374463625,0.14379355188194834,0.0,True,2153,4360,False,
benefits_denial,unawareness_proxy_removal,random_forest,national_origin,demographic_parity_diff,-0.0004588781315500584,-0.022448934524403625,0.023763792544166044,1.0,False,688,5825,False,
benefits_denial,unawareness_proxy_removal,random_forest,national_origin,disparate_impact_ratio,0.9951664792748266,0.7725192806703693,1.2627496557916267,1.0,False,688,5825,False,
benefits_denial,unawareness_proxy_removal,random_forest,national_origin,equal_opportunity_diff,0.04864700516874432,-0.03317219012871187,0.1316114320462146,0.263,False,138,1430,False,
benefits_denial,unawareness_proxy_removal,random_forest,national_origin,equalized_odds_diff,0.04864700516874432,-0.03317219012871187,0.1316114320462146,0.263,False,138,1430,False,driven_by_tpr_gap
benefits_denial,unawareness_proxy_removal,random_forest,national_origin,predictive_parity_diff,-0.05530671859785774,-0.1494449853943524,0.035214911670607814,0.2145,False,65,553,False,
benefits_denial,unawareness_proxy_removal,random_forest,national_origin,accuracy_equality_diff,0.0341074458528795,0.005538358369098783,0.06217212920451149,0.028,True,688,5825,False,
benefits_denial,unawareness_proxy_removal,random_forest,age,demographic_parity_diff,0.029022836768917523,0.006596605071658798,0.05206586342830008,0.006,True,944,5569,False,
benefits_denial,unawareness_proxy_removal,random_forest,age,disparate_impact_ratio,1.320052268504987,1.0715837788900546,1.5927032571705604,0.0125,True,944,5569,False,
benefits_denial,unawareness_proxy_removal,random_forest,age,equal_opportunity_diff,-0.013664596273291973,-0.07486413043478256,0.05388975155279497,0.678,False,280,1288,False,
benefits_denial,unawareness_proxy_removal,random_forest,age,equalized_odds_diff,0.01576699228589199,0.002314645758929206,0.028983752107237637,0.002,True,664,4281,False,driven_by_fpr_gap
benefits_denial,unawareness_proxy_removal,random_forest,age,predictive_parity_diff,-0.059230701831245125,-0.13887978620870942,0.014740208534127679,0.1015,False,113,505,False,
benefits_denial,unawareness_proxy_removal,random_forest,age,accuracy_equality_diff,-0.05680906866400259,-0.08627648685520026,-0.02991222311920401,0.0,True,944,5569,False,
benefits_denial,unawareness_proxy_removal,random_forest,race,demographic_parity_diff,-0.05101658341359974,-0.06858066587520255,-0.03321825370158815,0.0,True,690,5823,False,
benefits_denial,unawareness_proxy_removal,random_forest,race,disparate_impact_ratio,0.491324309591017,0.33647774695679084,0.6581784900304273,0.0,True,690,5823,False,
benefits_denial,unawareness_proxy_removal,random_forest,race,equal_opportunity_diff,0.007090568886846338,-0.0979548961034698,0.11149263040409661,0.8995,False,82,1486,False,
benefits_denial,unawareness_proxy_removal,random_forest,race,equalized_odds_diff,-0.007685930730677281,-0.015156456682402338,0.0009681838039877176,0.15,False,608,4337,False,driven_by_fpr_gap
benefits_denial,unawareness_proxy_removal,random_forest,race,predictive_parity_diff,-0.028908138597904975,-0.1742546333601933,0.07816277195809829,0.7915,False,34,584,False,
benefits_denial,unawareness_proxy_removal,random_forest,race,accuracy_equality_diff,0.09454412412546942,0.07049412375213733,0.11762403960307317,0.0,True,690,5823,False,
benefits_denial,unawareness_proxy_removal,random_forest,sex_x_national_origin,intersectional_demographic_parity_diff,-0.07262469435655589,-0.09783800489029511,-0.04248405752903954,0.0,True,235,3907,False,superadditive
benefits_denial,unawareness_proxy_removal,random_forest,sex_x_age,intersectional_demographic_parity_diff,-0.04615582081889359,-0.07481709664998076,-0.014899242715954313,0.017,True,294,3710,False,
benefits_denial,unawareness_proxy_removal,random_forest,sex_x_race,intersectional_demographic_parity_diff,-0.08229694457239367,-0.10297422905667955,-0.057552314011031225,0.0,True,338,4008,False,
benefits_denial,unawareness_proxy_removal,random_forest,national_origin_x_age,intersectional_demographic_parity_diff,0.03423727108070035,-0.028429501545948505,0.10927391875080035,0.349,False,88,4969,False,superadditive
benefits_denial,unawareness_proxy_removal,random_forest,national_origin_x_race,intersectional_demographic_parity_diff,-0.0010546500479386295,-0.06163710450623202,0.06935282837967395,1.0,False,80,5215,False,
benefits_denial,unawareness_proxy_removal,random_forest,age_x_race,intersectional_demographic_parity_diff,-0.01832489544353952,-0.07128686990975126,0.047634180790960365,0.7095,False,77,4956,False,
benefits_denial,unawareness_proxy_removal,gradient_boosting,sex,demographic_parity_diff,-0.0654165086480567,-0.07906264514630748,-0.05163131133430205,0.0,True,2153,4360,False,
benefits_denial,unawareness_proxy_removal,gradient_boosting,sex,disparate_impact_ratio,0.4407577658639483,0.35419996972374207,0.5360679056015577,0.0,True,2153,4360,False,
benefits_denial,unawareness_proxy_removal,gradient_boosting,sex,equal_opportunity_diff,0.004820875718708539,-0.056575630252100856,0.07015258735072968,0.9415,False,238,1330,False,
benefits_denial,unawareness_proxy_removal,gradient_boosting,sex,equalized_odds_diff,0.004820875718708539,-0.056575630252100856,0.07015258735072968,0.9415,False,238,1330,False,driven_by_tpr_gap
benefits_denial,unawareness_proxy_removal,gradient_boosting,sex,predictive_parity_diff,-0.15108638049814516,-0.23253974562798083,-0.06881955484896668,0.0,True,111,510,False,
benefits_denial,unawareness_proxy_removal,gradient_boosting,sex,accuracy_equality_diff,0.12556428623171423,0.10863379506726258,0.1417222847786532,0.0,True,2153,4360,False,
benefits_denial,unawareness_proxy_removal,gradient_boosting,national_origin,demographic_parity_diff,-0.0025990617826130297,-0.02501974997504741,0.02093176714242939,0.839,False,688,5825,False,
benefits_denial,unawareness_proxy_removal,gradient_boosting,national_origin,disparate_impact_ratio,0.972819790737878,0.7503457038295862,1.2300825948902174,0.839,False,688,5825,False,
benefits_denial,unawareness_proxy_removal,gradient_boosting,national_origin,equal_opportunity_diff,0.062440458092632045,-0.021272929968582155,0.14590529036181213,0.159,False,138,1430,False,
benefits_denial,unawareness_proxy_removal,gradient_boosting,national_origin,equalized_odds_diff,0.062440458092632045,-0.021272929968582155,0.14590529036181213,0.159,False,138,1430,False,driven_by_tpr_gap
benefits_denial,unawareness_proxy_removal,gradient_boosting,national_origin,predictive_parity_diff,-0.0065080789946140305,-0.09364129824955106,0.07270113330341106,1.0,False,64,557,False,
benefits_denial,unawareness_proxy_removal,gradient_boosting,national_origin,accuracy_equality_diff,0.04171823535282959,0.013754316798083699,0.06929027971853476,0.0035,True,688,5825,False,
benefits_denial,unawareness_proxy_removal,gradient_boosting,age,demographic_parity_diff,0.0297230278996016,0.007907537488092378,0.052348674259140325,0.004,True,944,5569,False,
benefits_denial,unawareness_proxy_removal,gradient_boosting,age,disparate_impact_ratio,1.3264807183466683,1.081549300228025,1.5920851918714423,0.0115,True,944,5569,False,
benefits_denial,unawareness_proxy_removal,gradient_boosting,age,equal_opportunity_diff,0.0013975155279503104,-0.060252329192546604,0.06677406832298133,1.0,False,280,1288,False,
benefits_denial,unawareness_proxy_removal,gradient_boosting,age,equalized_odds_diff,0.01054814914880264,-0.001736861601979038,0.02316923615977575,0.0395,True,664,4281,False,driven_by_fpr_gap
benefits_denial,unawareness_proxy_removal,gradient_boosting,age,predictive_parity_diff,-0.025952455102252636,-0.10029715561092077,0.041373403924011114,0.496,False,114,507,False,
benefits_denial,unawareness_proxy_removal,gradient_boosting,age,accuracy_equality_diff,-0.048675552620286,-0.07756614057540077,-0.021850086244677634,0.0005,True,944,5569,False,
benefits_denial,unawareness_proxy_removal,gradient_boosting,race,demographic_parity_diff,-0.05153178176496502,-0.06879693718313433,-0.03377558258480239,0.0,True,690,5823,False,
benefits_denial,unawareness_proxy_removal,gradient_boosting,race,disparate_impact_ratio,0.48881330736408846,0.3353336877974644,0.6526188144221939,0.0,True,690,5823,False,
benefits_denial,unawareness_proxy_removal,gradient_boosting,race,equal_opportunity_diff,0.017939795817877413,-0.0897490398187965,0.12769999671732918,0.8025,False,82,1486,False,
benefits_denial,unawareness_proxy_removal,gradient_boosting,race,equalized_odds_diff,0.017939795817877413,-0.0897490398187965,0.12769999671732918,0.8025,False,82,1486,False,driven_by_tpr_gap
benefits_denial,unawareness_proxy_removal,gradient_boosting,race,predictive_parity_diff,0.001603367070848738,-0.1160436917526807,0.09880749574105618,1.0,False,34,587,False,
benefits_denial,unawareness_proxy_removal,gradient_boosting,race,accuracy_equality_diff,0.0972709420663187,0.07438282597495689,0.1207217256904777,0.0,True,690,5823,False,
benefits_denial,unawareness_proxy_removal,gradient_boosting,sex_x_national_origin,intersectional_demographic_parity_diff,-0.07416039950116812,-0.09953220896481492,-0.04401736653796516,0.0,True,235,3907,False,superadditive
benefits_denial,unawareness_proxy_removal,gradient_boosting,sex_x_age,intersectional_demographic_parity_diff,-0.05036580670003851,-0.07849217045308689,-0.02055801565909384,0.0085,True,294,3710,False,
benefits_denial,unawareness_proxy_removal,gradient_boosting,sex_x_race,intersectional_demographic_parity_diff,-0.08083537067876082,-0.10198069098489411,-0.056591513718125916,0.0,True,338,4008,False,
benefits_denial,unawareness_proxy_removal,gradient_boosting,national_origin_x_age,intersectional_demographic_parity_diff,0.03363352787281143,-0.029728407032693593,0.1082576176841874,0.3385,False,88,4969,False,superadditive
benefits_denial,unawareness_proxy_removal,gradient_boosting,national_origin_x_race,intersectional_demographic_parity_diff,0.01048657718120806,-0.05278044103547459,0.08453739213806323,0.857,False,80,5215,False,
benefits_denial,unawareness_proxy_removal,gradient_boosting,age_x_race,intersectional_demographic_parity_diff,-0.03151368405605694,-0.08165079976520653,0.03000632841734527,0.44,False,77,4956,False,
benefits_denial,in_processing,logistic_regression,sex,demographic_parity_diff,-0.021930568398266556,-0.03322144905551034,-0.010533714957153889,0.0,True,2153,4360,False,
benefits_denial,in_processing,logistic_regression,sex,disparate_impact_ratio,0.6680005878506764,0.5242756955520755,0.8329607095166601,0.0,True,2153,4360,False,
benefits_denial,in_processing,logistic_regression,sex,equal_opportunity_diff,0.04241486068111455,-0.011502653693056142,0.0985913312693498,0.114,False,238,1330,False,
benefits_denial,in_processing,logistic_regression,sex,equalized_odds_diff,0.04241486068111455,-0.011502653693056142,0.0985913312693498,0.114,False,238,1330,False,driven_by_tpr_gap
benefits_denial,in_processing,logistic_regression,sex,predictive_parity_diff,-0.2479897660818714,-0.35661549707602336,-0.13969298245614037,0.0,True,95,288,False,
benefits_denial,in_processing,logistic_regression,sex,accuracy_equality_diff,0.16058625259399084,0.14170772487291042,0.1794965447189115,0.0,True,2153,4360,False,
benefits_denial,in_processing,logistic_regression,national_origin,demographic_parity_diff,0.0025057390957181347,-0.015052082293642082,0.022433420251522097,0.791,False,688,5825,False,
benefits_denial,in_processing,logistic_regression,national_origin,disparate_impact_ratio,1.042802583306482,0.7525745084645898,1.4022682951924972,0.791,False,688,5825,False,
benefits_denial,in_processing,logistic_regression,national_origin,equal_opportunity_diff,0.03951555690686123,-0.02799381777642647,0.11338907469342242,0.29,False,138,1430,False,
benefits_denial,in_processing,logistic_regression,national_origin,equalized_odds_diff,0.03951555690686123,-0.02799381777642647,0.11338907469342242,0.29,False,138,1430,False,driven_by_tpr_gap
benefits_denial,in_processing,logistic_regression,national_origin,predictive_parity_diff,-0.025066331517944462,-0.16792347437508726,0.12107247591118553,0.8645,False,42,341,False,
benefits_denial,in_processing,logistic_regression,national_origin,accuracy_equality_diff,0.04293192933426493,0.013255564427587574,0.07357515096316992,0.0125,True,688,5825,False,
benefits_denial,in_processing,logistic_regression,age,demographic_parity_diff,0.039009643273447754,0.020622160050643545,0.05879660522383289,0.0,True,944,5569,False,
benefits_denial,in_processing,logistic_regression,age,disparate_impact_ratio,1.7339210006208718,1.374602430832357,2.1595800186148173,0.0005,True,944,5569,False,
benefits_denial,in_processing,logistic_regression,age,equal_opportunity_diff,0.022826086956521746,-0.02702251552795031,0.07455357142857133,0.376,False,280,1288,False,
benefits_denial,in_processing,logistic_regression,age,equalized_odds_diff,0.03171234341711626,0.015113001058192138,0.04874578904264571,0.0,True,664,4281,False,driven_by_fpr_gap
benefits_denial,in_processing,logistic_regression,age,predictive_parity_diff,-0.1191752096924511,-0.2367971419695557,-0.004232680956818946,0.0355,True,87,296,False,
benefits_denial,in_processing,logistic_regression,age,accuracy_equality_diff,-0.0685823992379121,-0.09952651976285183,-0.03860769913504236,0.0,True,944,5569,False,
benefits_denial,in_processing,logistic_regression,race,demographic_parity_diff,-0.009038371077212552,-0.025840949308962212,0.008449252962390519,0.345,False,690,5823,False,
benefits_denial,in_processing,logistic_regression,race,disparate_impact_ratio,0.8487656490086699,0.5811251099945928,1.1461098211804115,0.345,False,690,5823,False,
benefits_denial,in_processing,logistic_regression,race,equal_opportunity_diff,0.08651478843186816,-0.004154630207136526,0.18862431474247449,0.043,True,82,1486,False,
benefits_denial,in_processing,logistic_regression,race,equalized_odds_diff,0.08651478843186816,-0.004154630207136526,0.18862431474247449,0.043,True,82,1486,False,driven_by_tpr_gap
benefits_denial,in_processing,logistic_regression,race,predictive_parity_diff,-0.12413793103448278,-0.298444170771757,0.03612479474548447,0.168,False,35,348,False,
benefits_denial,in_processing,logistic_regression,race,accuracy_equality_diff,0.11970895026469242,0.0932324216562507,0.1469913162944545,0.0,True,690,5823,False,
benefits_denial,in_processing,logistic_regression,sex_x_national_origin,intersectional_demographic_parity_diff,-0.03096896459709523,-0.05352531462895294,-0.004569349067957702,0.071,False,235,3907,False,superadditive
benefits_denial,in_processing,logistic_regression,sex_x_age,intersectional_demographic_parity_diff,0.008458477730714932,-0.020100115517905276,0.041126941342574753,0.6065,False,294,3710,False,
benefits_denial,in_processing,logistic_regression,sex_x_race,intersectional_demographic_parity_diff,-0.011651253705606539,-0.03642865895428078,0.016474742822048204,0.401,False,338,4008,False,
benefits_denial,in_processing,logistic_regression,national_origin_x_age,intersectional_demographic_parity_diff,0.038182184086792664,-0.017232294773047437,0.10476408276770517,0.1525,False,88,4969,False,
benefits_denial,in_processing,logistic_regression,national_origin_x_race,intersectional_demographic_parity_diff,0.015172579098753594,-0.037320230105465,0.07843959731543626,0.64,False,80,5215,False,superadditive
benefits_denial,in_processing,logistic_regression,age_x_race,intersectional_demographic_parity_diff,0.062403697996918334,-0.004554167583828588,0.13266655660723453,0.025,True,77,4956,False,superadditive
benefits_denial,in_processing,random_forest,sex,demographic_parity_diff,-0.032158882208311854,-0.045984060005880435,-0.01764563101624787,0.0,True,2153,4360,False,
benefits_denial,in_processing,random_forest,sex,disparate_impact_ratio,0.6856247628874308,0.5721004227391419,0.8130914507390051,0.0,True,2153,4360,False,
benefits_denial,in_processing,random_forest,sex,equal_opportunity_diff,0.07801857585139321,0.011053737284387438,0.14481092436974785,0.0175,True,238,1330,False,
benefits_denial,in_processing,random_forest,sex,equalized_odds_diff,0.07801857585139321,0.011053737284387438,0.14481092436974785,0.0175,True,238,1330,False,driven_by_tpr_gap
benefits_denial,in_processing,random_forest,sex,predictive_parity_diff,-0.28717369999703024,-0.37316247438600664,-0.2059758560270841,0.0,True,151,446,False,
benefits_denial,in_processing,random_forest,sex,accuracy_equality_diff,0.13042607498817516,0.11194499780549434,0.14806562850215405,0.0,True,2153,4360,False,
benefits_denial,in_processing,random_forest,national_origin,demographic_parity_diff,-0.0049795388761353365,-0.026866254117177357,0.018118655803972435,0.6905,False,688,5825,False,
benefits_denial,in_processing,random_forest,national_origin,disparate_impact_ratio,0.9459860347818605,0.7221314308757663,1.204594239877013,0.6905,False,688,5825,False,
benefits_denial,in_processing,random_forest,national_origin,equal_opportunity_diff,0.016742677612242796,-0.06253116448768618,0.09595723117462242,0.689,False,138,1430,False,
benefits_denial,in_processing,random_forest,national_origin,equalized_odds_diff,0.016742677612242796,-0.06253116448768618,0.09595723117462242,0.689,False,138,1430,False,driven_by_tpr_gap
benefits_denial,in_processing,random_forest,national_origin,predictive_parity_diff,-0.07113594040968352,-0.19352653631284913,0.0400837988826813,0.2345,False,60,537,False,
benefits_denial,in_processing,random_forest,national_origin,accuracy_equality_diff,0.029472502245733168,0.000919789899191581,0.05957346042519207,0.0665,False,688,5825,False,
benefits_denial,in_processing,random_forest,age,demographic_parity_diff,0.02783816131064519,0.007367514365236135,0.0494036106351443,0.0045,True,944,5569,False,
benefits_denial,in_processing,random_forest,age,disparate_impact_ratio,1.317682276980292,1.0825276968917403,1.5858468698088586,0.016,True,944,5569,False,
benefits_denial,in_processing,random_forest,age,equal_opportunity_diff,-0.026086956521739146,-0.08338509316770187,0.03307841614906832,0.446,False,280,1288,False,
benefits_denial,in_processing,random_forest,age,equalized_odds_diff,-0.026086956521739146,-0.08338509316770187,0.03307841614906832,0.446,False,280,1288,False,driven_by_tpr_gap
benefits_denial,in_processing,random_forest,age,predictive_parity_diff,-0.08875394796209957,-0.18254859753346367,-0.0029680215069935946,0.042,True,109,488,False,
benefits_denial,in_processing,random_forest,age,accuracy_equality_diff,-0.0683701163523256,-0.09913084329566513,-0.0387436762145777,0.0,True,944,5569,False,
benefits_denial,in_processing,random_forest,race,demographic_parity_diff,-0.02147406461632656,-0.041785871618544156,-0.0005504222386488505,0.065,False,690,5823,False,
benefits_denial,in_processing,random_forest,race,disparate_impact_ratio,0.7714037529343274,0.5645430919761529,0.9938190351222896,0.046,True,690,5823,False,
benefits_denial,in_processing,random_forest,race,equal_opportunity_diff,0.05285099957325279,-0.05490307914519252,0.1645438728949874,0.3325,False,82,1486,False,
benefits_denial,in_processing,random_forest,race,equalized_odds_diff,0.05285099957325279,-0.05490307914519252,0.1645438728949874,0.3325,False,82,1486,False,driven_by_tpr_gap
benefits_denial,in_processing,random_forest,race,predictive_parity_diff,-0.23718464351005486,-0.37013436928702004,-0.10083820840950643,0.0,True,50,547,False,
benefits_denial,in_processing,random_forest,race,accuracy_equality_diff,0.08835726392342214,0.06254937317533911,0.11429443959112666,0.0,True,690,5823,False,
benefits_denial,in_processing,random_forest,sex_x_national_origin,intersectional_demographic_parity_diff,-0.034807138306040986,-0.06603502170136524,0.004421088172347487,0.084,False,235,3907,False,
benefits_denial,in_processing,random_forest,sex_x_age,intersectional_demographic_parity_diff,0.0031189834424335816,-0.030232961108971893,0.041010460788088815,0.9185,False,294,3710,False,
benefits_denial,in_processing,random_forest,sex_x_race,intersectional_demographic_parity_diff,-0.033784502001913325,-0.061945044821599404,-0.0019469566783592949,0.0415,True,338,4008,False,
benefits_denial,in_processing,random_forest,national_origin_x_age,intersectional_demographic_parity_diff,0.036652243912255994,-0.029828173310891156,0.11241692813626279,0.251,False,88,4969,False,superadditive
benefits_denial,in_processing,random_forest,national_origin_x_race,intersectional_demographic_parity_diff,0.0296979865771812,-0.03664189837008627,0.10854266538830293,0.4375,False,80,5215,False,superadditive
benefits_denial,in_processing,random_forest,age_x_race,intersectional_demographic_parity_diff,0.0011189375596155349,-0.05588359380732261,0.06928745689338907,1.0,False,77,4956,False,
benefits_denial,in_processing,gradient_boosting,sex,demographic_parity_diff,-0.012245021881138754,-0.02544497330373237,0.0015078251170758004,0.0815,False,2153,4360,False,
benefits_denial,in_processing,gradient_boosting,sex,disparate_impact_ratio,0.8452532733158359,0.6959427781074169,1.0192619689247184,0.074,False,2153,4360,False,
benefits_denial,in_processing,gradient_boosting,sex,equal_opportunity_diff,0.12392746572313135,0.05908115877930123,0.18951791242812915,0.0,True,238,1330,False,
benefits_denial,in_processing,gradient_boosting,sex,equalized_odds_diff,0.12392746572313135,0.05908115877930123,0.18951791242812915,0.0,True,238,1330,False,driven_by_tpr_gap
benefits_denial,in_processing,gradient_boosting,sex,predictive_parity_diff,-0.29027777777777786,-0.374759963768116,-0.20276570048309192,0.0,True,144,345,False,
benefits_denial,in_processing,gradient_boosting,sex,accuracy_equality_diff,0.14669322089510262,0.12850981348832655,0.16484268803504384,0.0,True,2153,4360,False,
benefits_denial,in_processing,gradient_boosting,national_origin,demographic_parity_diff,-0.005940712645972651,-0.025202365505539483,0.01620724997504739,0.5865,False,688,5825,False,
benefits_denial,in_processing,gradient_boosting,national_origin,disparate_impact_ratio,0.9215324397069116,0.6751105419653335,1.2226319143116693,0.5865,False,688,5825,False,
benefits_denial,in_processing,gradient_boosting,national_origin,equal_opportunity_diff,0.003020168237559545,-0.06735532583358668,0.07802776933211716,1.0,False,138,1430,False,
benefits_denial,in_processing,gradient_boosting,national_origin,equalized_odds_diff,0.0042941358982314624,-0.00866273658082532,0.018610094115213565,0.535,False,550,4395,False,driven_by_fpr_gap
benefits_denial,in_processing,gradient_boosting,national_origin,predictive_parity_diff,-0.08078231292517002,-0.2225056689342404,0.04917800453514731,0.285,False,48,441,False,
benefits_denial,in_processing,gradient_boosting,national_origin,accuracy_equality_diff,0.030205110290448145,0.0006786418305220324,0.059961859966064485,0.0605,False,688,5825,False,
benefits_denial,in_processing,gradient_boosting,age,demographic_parity_diff,0.012542380490061497,-0.005861366340912624,0.03200680465561477,0.184,False,944,5569,False,
benefits_denial,in_processing,gradient_boosting,age,disparate_impact_ratio,1.1711950087356588,0.9226504303488412,1.4568136897299833,0.203,False,944,5569,False,
benefits_denial,in_processing,gradient_boosting,age,equal_opportunity_diff,-0.013975155279503104,-0.06585403726708074,0.04115295031055897,0.643,False,280,1288,False,
benefits_denial,in_processing,gradient_boosting,age,equalized_odds_diff,-0.013975155279503104,-0.06585403726708074,0.04115295031055897,0.643,False,280,1288,False,driven_by_tpr_gap
benefits_denial,in_processing,gradient_boosting,age,predictive_parity_diff,0.02550835148874364,-0.07561728395061729,0.1167392883079158,0.67,False,81,408,False,
benefits_denial,in_processing,gradient_boosting,age,accuracy_equality_diff,-0.054004880223756824,-0.08470940736553136,-0.024952374258531668,0.0,True,944,5569,False,
benefits_denial,in_processing,gradient_boosting,race,demographic_parity_diff,-0.015894989136034758,-0.034304836891188614,0.0032160510419699966,0.144,False,690,5823,False,
benefits_denial,in_processing,gradient_boosting,race,disparate_impact_ratio,0.792941127437773,0.5626145368619626,1.0428763105832608,0.111,False,690,5823,False,
benefits_denial,in_processing,gradient_boosting,race,equal_opportunity_diff,0.09037192659948134,-0.009800823950365998,0.1966012047401766,0.062,False,82,1486,False,
benefits_denial,in_processing,gradient_boosting,race,equalized_odds_diff,0.09037192659948134,-0.009800823950365998,0.1966012047401766,0.062,False,82,1486,False,driven_by_tpr_gap
benefits_denial,in_processing,gradient_boosting,race,predictive_parity_diff,-0.1513263023330137,-0.30536912751677847,-0.008469159475870902,0.031,True,42,447,False,
benefits_denial,in_processing,gradient_boosting,race,accuracy_equality_diff,0.10857991921092514,0.0831560565672856,0.1345385241433894,0.0,True,690,5823,False,
benefits_denial,in_processing,gradient_boosting,sex_x_national_origin,intersectional_demographic_parity_diff,-0.024025616868795244,-0.0519301417532089,0.009088978320417801,0.1935,False,235,3907,False,superadditive
benefits_denial,in_processing,gradient_boosting,sex_x_age,intersectional_demographic_parity_diff,0.0008728019509690738,-0.029207097933513025,0.03468200487742265,1.0,False,294,3710,False,
benefits_denial,in_processing,gradient_boosting,sex_x_race,intersectional_demographic_parity_diff,-0.015999066954847707,-0.042662603786509816,0.013879674083785043,0.343,False,338,4008,False,
benefits_denial,in_processing,gradient_boosting,national_origin_x_age,intersectional_demographic_parity_diff,0.0280123127023912,-0.02881090030918969,0.09530275206278925,0.4005,False,88,4969,False,superadditive
benefits_denial,in_processing,gradient_boosting,national_origin_x_race,intersectional_demographic_parity_diff,0.009647651006711402,-0.04748711649089165,0.07714765100671132,0.828,False,80,5215,False,
benefits_denial,in_processing,gradient_boosting,age_x_race,intersectional_demographic_parity_diff,-0.035494166850099054,-0.07224576271186439,0.011016031990608207,0.2675,False,77,4956,False,superadditive
benefits_denial,post_processing,logistic_regression,sex,demographic_parity_diff,-0.0005010077681238401,-0.014876511119538763,0.01472476531573183,0.961,False,2153,4360,False,
benefits_denial,post_processing,logistic_regression,sex,disparate_impact_ratio,0.9944133772088374,0.8433775453727682,1.173883371713394,0.961,False,2153,4360,False,
benefits_denial,post_processing,logistic_regression,sex,equal_opportunity_diff,0.13737284387439186,0.0747744360902256,0.20403582485625826,0.0,True,238,1330,False,
benefits_denial,post_processing,logistic_regression,sex,equalized_odds_diff,0.13737284387439186,0.0747744360902256,0.20403582485625826,0.0,True,238,1330,False,driven_by_tpr_gap
benefits_denial,post_processing,logistic_regression,sex,predictive_parity_diff,-0.37751758312020456,-0.4628559915814151,-0.2992970082054561,0.0,True,192,391,False,
benefits_denial,post_processing,logistic_regression,sex,accuracy_equality_diff,0.1268073778001253,0.10873052908891793,0.14411362212743475,0.0,True,2153,4360,False,
benefits_denial,post_processing,logistic_regression,national_origin,demographic_parity_diff,0.007174867751272587,-0.015579692334564327,0.03223928286256113,0.571,False,688,5825,False,
benefits_denial,post_processing,logistic_regression,national_origin,disparate_impact_ratio,1.08083778292278,0.8290594173620894,1.373514302101309,0.571,False,688,5825,False,
benefits_denial,post_processing,logistic_regression,national_origin,equal_opportunity_diff,0.048910509780074996,-0.02565597446032226,0.13027743995135302,0.2305,False,138,1430,False,
benefits_denial,post_processing,logistic_regression,national_origin,equalized_odds_diff,0.048910509780074996,-0.02565597446032226,0.13027743995135302,0.2305,False,138,1430,False,driven_by_tpr_gap
benefits_denial,post_processing,logistic_regression,national_origin,predictive_parity_diff,-0.07994842037395233,-0.19990328820116043,0.037725660863958704,0.1835,False,66,517,False,
benefits_denial,post_processing,logistic_regression,national_origin,accuracy_equality_diff,0.0331120870346342,0.0032749525900788706,0.06409722776724215,0.043,True,688,5825,False,
benefits_denial,post_processing,logistic_regression,age,demographic_parity_diff,0.021679865234606827,-0.00011845803494526776,0.04195040797879303,0.0305,True,944,5569,False,
benefits_denial,post_processing,logistic_regression,age,disparate_impact_ratio,1.2510057622462276,0.9987023784086544,1.5067720208644353,0.04,True,944,5569,False,
benefits_denial,post_processing,logistic_regression,age,equal_opportunity_diff,-0.0034161490683229934,-0.06227096273291926,0.054347826086956486,0.9365,False,280,1288,False,
benefits_denial,post_processing,logistic_regression,age,equalized_odds_diff,0.009490660610205363,-0.005748704347875035,0.025847960869406147,0.233,False,664,4281,False,driven_by_fpr_gap
benefits_denial,post_processing,logistic_regression,age,predictive_parity_diff,0.009131303248950284,-0.09127991113285233,0.09854877501936321,0.9065,False,102,481,False,
benefits_denial,post_processing,logistic_regression,age,accuracy_equality_diff,-0.0531251236414656,-0.08324011400884437,-0.02281719552242891,0.0,True,944,5569,False,
benefits_denial,post_processing,logistic_regression,race,demographic_parity_diff,-0.03203787081214673,-0.05110814312060867,-0.012601341009042135,0.0055,True,690,5823,False,
benefits_denial,post_processing,logistic_regression,race,disparate_impact_ratio,0.6551672573418301,0.46633228899763846,0.8594188191363881,0.003,True,690,5823,False,
benefits_denial,post_processing,logistic_regression,race,equal_opportunity_diff,0.05807044611495915,-0.04489093326330296,0.16372361553359802,0.268,False,82,1486,False,
benefits_denial,post_processing,logistic_regression,race,equalized_odds_diff,0.05807044611495915,-0.04489093326330296,0.16372361553359802,0.268,False,82,1486,False,driven_by_tpr_gap
benefits_denial,post_processing,logistic_regression,race,predictive_parity_diff,-0.10205967784526004,-0.25786132382712795,0.046348252794648284,0.214,False,42,541,False,
benefits_denial,post_processing,logistic_regression,race,accuracy_equality_diff,0.10823645364334833,0.08227596338358388,0.1320943372981206,0.0,True,690,5823,False,
benefits_denial,post_processing,logistic_regression,sex_x_national_origin,intersectional_demographic_parity_diff,-0.0031966628364800825,-0.03912671745748221,0.03612740906937356,0.9,False,235,3907,False,
benefits_denial,post_processing,logistic_regression,sex_x_age,intersectional_demographic_parity_diff,0.022320626363753038,-0.014764792709536631,0.06109421126941336,0.207,False,294,3710,False,superadditive
benefits_denial,post_processing,logistic_regression,sex_x_race,intersectional_demographic_parity_diff,-0.027476112863031338,-0.053676079793076564,0.002150469770518109,0.0915,False,338,4008,False,
benefits_denial,post_processing,logistic_regression,national_origin_x_age,intersectional_demographic_parity_diff,0.028106075852101203,-0.032339596406813144,0.09729413271373424,0.4365,False,88,4969,False,
benefits_denial,post_processing,logistic_regression,national_origin_x_race,intersectional_demographic_parity_diff,0.019690795781399817,-0.04511505273250238,0.09258149568552253,0.56,False,80,5215,False,
benefits_denial,post_processing,logistic_regression,age_x_race,intersectional_demographic_parity_diff,-0.011868075427397456,-0.06643921050700713,0.054080912025827245,0.84,False,77,4956,False,
benefits_denial,post_processing,random_forest,sex,demographic_parity_diff,0.007418707414872355,-0.008336375635447866,0.024971279673764352,0.379,False,2153,4360,False,
benefits_denial,post_processing,random_forest,sex,disparate_impact_ratio,1.0673859802624366,0.9283174256127453,1.2380316279872434,0.379,False,2153,4360,False,
benefits_denial,post_processing,random_forest,sex,equal_opportunity_diff,0.17337461300309598,0.10414307828394517,0.2445013268465281,0.0,True,238,1330,False,
benefits_denial,post_processing,random_forest,sex,equalized_odds_diff,0.17337461300309598,0.10414307828394517,0.2445013268465281,0.0,True,238,1330,False,driven_by_tpr_gap
benefits_denial,post_processing,random_forest,sex,predictive_parity_diff,-0.44235836627140973,-0.5085445487483531,-0.3757748682476945,0.0,True,253,480,False,
benefits_denial,post_processing,random_forest,sex,accuracy_equality_diff,0.09672123812729838,0.07819804188309894,0.11472102080732244,0.0,True,2153,4360,False,
benefits_denial,post_processing,random_forest,national_origin,demographic_parity_diff,0.0025509032837608553,-0.02255251896396845,0.0298373153508334,0.8525,False,688,5825,False,
benefits_denial,post_processing,random_forest,national_origin,disparate_impact_ratio,1.0227199989050664,0.8051171788531674,1.2787633878172977,0.8525,False,688,5825,False,
benefits_denial,post_processing,random_forest,national_origin,equal_opportunity_diff,0.06129522651261782,-0.01911903314077227,0.14399665551839466,0.1735,False,138,1430,False,
benefits_denial,post_processing,random_forest,national_origin,equalized_odds_diff,0.06129522651261782,-0.01911903314077227,0.14399665551839466,0.1735,False,138,1430,False,driven_by_tpr_gap
benefits_denial,post_processing,random_forest,national_origin,predictive_parity_diff,-0.04759416250532267,-0.15218035071420274,0.056314597607711,0.3925,False,79,654,False,
benefits_denial,post_processing,random_forest,national_origin,accuracy_equality_diff,0.03535507535682203,0.007111849985028475,0.06419802999301323,0.021,True,688,5825,False,
benefits_denial,post_processing,random_forest,age,demographic_parity_diff,0.01952279720364851,-0.002976592197728953,0.04347521635354307,0.086,False,944,5569,False,
benefits_denial,post_processing,random_forest,age,disparate_impact_ratio,1.177940207329139,0.9723149237592515,1.4111503537529269,0.119,False,944,5569,False,
benefits_denial,post_processing,random_forest,age,equal_opportunity_diff,-0.030434782608695643,-0.0936335403726708,0.032298136645962705,0.3645,False,280,1288,False,
benefits_denial,post_processing,random_forest,age,equalized_odds_diff,-0.030434782608695643,-0.0936335403726708,0.032298136645962705,0.3645,False,280,1288,False,driven_by_tpr_gap
benefits_denial,post_processing,random_forest,age,predictive_parity_diff,-0.0020257036301682962,-0.08888982050387702,0.07669535295538067,1.0,False,122,611,False,
benefits_denial,post_processing,random_forest,age,accuracy_equality_diff,-0.055532898521171936,-0.08553611700363084,-0.02753389868551997,0.0,True,944,5569,False,
benefits_denial,post_processing,random_forest,race,demographic_parity_diff,-0.03834569062712333,-0.06047009982901388,-0.016262571959769722,0.004,True,690,5823,False,
benefits_denial,post_processing,random_forest,race,disparate_impact_ratio,0.6711560505693349,0.493192904423274,0.8590801468273238,0.002,True,690,5823,False,
benefits_denial,post_processing,random_forest,race,equal_opportunity_diff,0.047795686570593854,-0.06061451597019335,0.1560458589108098,0.4135,False,82,1486,False,
benefits_denial,post_processing,random_forest,race,equalized_odds_diff,0.047795686570593854,-0.06061451597019335,0.1560458589108098,0.4135,False,82,1486,False,driven_by_tpr_gap
benefits_denial,post_processing,random_forest,race,predictive_parity_diff,-0.16503027327769593,-0.30793037146129926,-0.03244968090328925,0.0065,True,54,679,False,
benefits_denial,post_processing,random_forest,race,accuracy_equality_diff,0.08934584742662155,0.06245232548589178,0.11353534335356792,0.0,True,690,5823,False,
benefits_denial,post_processing,random_forest,sex_x_national_origin,intersectional_demographic_parity_diff,0.005346650038937209,-0.034838723731001095,0.04759003207554356,0.8135,False,235,3907,False,
benefits_denial,post_processing,random_forest,sex_x_age,intersectional_demographic_parity_diff,0.006854062379668846,-0.02834199717622898,0.04626524194583489,0.78,False,294,3710,False,
benefits_denial,post_processing,random_forest,sex_x_race,intersectional_demographic_parity_diff,-0.02230597975646341,-0.053174715657442514,0.011771722826536274,0.2325,False,338,4008,False,
benefits_denial,post_processing,random_forest,national_origin_x_age,intersectional_demographic_parity_diff,0.026884867999780446,-0.03909328747324319,0.1054291150588192,0.485,False,88,4969,False,superadditive
benefits_denial,post_processing,random_forest,national_origin_x_race,intersectional_demographic_parity_diff,0.020337967401725804,-0.05044343240651966,0.09821428571428571,0.5965,False,80,5215,False,
benefits_denial,post_processing,random_forest,age_x_race,intersectional_demographic_parity_diff,-0.03567759923692128,-0.08884134932863745,0.03067493946731231,0.374,False,77,4956,False,
benefits_denial,post_processing,gradient_boosting,sex,demographic_parity_diff,0.0057154088385312635,-0.010059251652270992,0.02216189166386138,0.493,False,2153,4360,False,
benefits_denial,post_processing,gradient_boosting,sex,disparate_impact_ratio,1.0550087035277018,0.9085409935174694,1.2287015186446981,0.493,False,2153,4360,False,
benefits_denial,post_processing,gradient_boosting,sex,equal_opportunity_diff,0.1616983635559487,0.09340667846085807,0.23344427244582033,0.0,True,238,1330,False,
benefits_denial,post_processing,gradient_boosting,sex,equalized_odds_diff,0.1616983635559487,0.09340667846085807,0.23344427244582033,0.0,True,238,1330,False,driven_by_tpr_gap
benefits_denial,post_processing,gradient_boosting,sex,predictive_parity_diff,-0.44851648146069517,-0.516317534702735,-0.38018670258540055,0.0,True,236,453,False,
benefits_denial,post_processing,gradient_boosting,sex,accuracy_equality_diff,0.10110779923043167,0.08342955956484864,0.1184422312369767,0.0,True,2153,4360,False,
benefits_denial,post_processing,gradient_boosting,national_origin,demographic_parity_diff,0.003603902585088331,-0.01948310085836909,0.0298832281165785,0.774,False,688,5825,False,
benefits_denial,post_processing,gradient_boosting,national_origin,disparate_impact_ratio,1.034189793815294,0.8189575261595593,1.2949019732019351,0.774,False,688,5825,False,
benefits_denial,post_processing,gradient_boosting,national_origin,equal_opportunity_diff,0.046295733252255,-0.034559643255295425,0.13326340326340322,0.3085,False,138,1430,False,
benefits_denial,post_processing,gradient_boosting,national_origin,equalized_odds_diff,0.046295733252255,-0.034559643255295425,0.13326340326340322,0.3085,False,138,1430,False,driven_by_tpr_gap
benefits_denial,post_processing,gradient_boosting,national_origin,predictive_parity_diff,-0.0799782844733985,-0.19288870792616722,0.028317046688382197,0.1405,False,75,614,False,
benefits_denial,post_processing,gradient_boosting,national_origin,accuracy_equality_diff,0.029541121868449927,0.00076564527397949,0.05822759881225669,0.0535,False,688,5825,False,
benefits_denial,post_processing,gradient_boosting,age,demographic_parity_diff,0.026184789588855978,0.004133500636087795,0.049388887789853606,0.023,True,944,5569,False,
benefits_denial,post_processing,gradient_boosting,age,disparate_impact_ratio,1.2567282808108153,1.0377460273545922,1.5024871075254849,0.0325,True,944,5569,False,
benefits_denial,post_processing,gradient_boosting,age,equal_opportunity_diff,-0.016149068322981353,-0.07671195652173908,0.047519409937888175,0.626,False,280,1288,False,
benefits_denial,post_processing,gradient_boosting,age,equalized_odds_diff,-0.016149068322981353,-0.07671195652173908,0.047519409937888175,0.626,False,280,1288,False,driven_by_tpr_gap
benefits_denial,post_processing,gradient_boosting,age,predictive_parity_diff,-0.021359562332673665,-0.1050808986148295,0.05779085671051087,0.625,False,121,568,False,
benefits_denial,post_processing,gradient_boosting,age,accuracy_equality_diff,-0.056053524200249005,-0.08609644110405361,-0.027572693573078556,0.0,True,944,5569,False,
benefits_denial,post_processing,gradient_boosting,race,demographic_parity_diff,-0.04213650516318347,-0.061707191870319346,-0.0214162541346535,0.001,True,690,5823,False,
benefits_denial,post_processing,gradient_boosting,race,disparate_impact_ratio,0.6178214265741677,0.4476344012597351,0.8024110094722675,0.0005,True,690,5823,False,
benefits_denial,post_processing,gradient_boosting,race,equal_opportunity_diff,0.06394642681285495,-0.042495404260906616,0.18036880806223937,0.2935,False,82,1486,False,
benefits_denial,post_processing,gradient_boosting,race,equalized_odds_diff,0.06394642681285495,-0.042495404260906616,0.18036880806223937,0.2935,False,82,1486,False,driven_by_tpr_gap
benefits_denial,post_processing,gradient_boosting,race,predictive_parity_diff,-0.08136143699874065,-0.2090599522767945,0.04942665871279897,0.196,False,47,642,False,
benefits_denial,post_processing,gradient_boosting,race,accuracy_equality_diff,0.10137983558452612,0.07711733455786274,0.12609502049593443,0.0,True,690,5823,False,
benefits_denial,post_processing,gradient_boosting,sex_x_national_origin,intersectional_demographic_parity_diff,0.011233519759950766,-0.029879812012263862,0.053822299310021804,0.652,False,235,3907,False,superadditive
benefits_denial,post_processing,gradient_boosting,sex_x_age,intersectional_demographic_parity_diff,0.020125786163522008,-0.017393466820690536,0.05997336670517261,0.328,False,294,3710,False,
benefits_denial,post_processing,gradient_boosting,sex_x_race,intersectional_demographic_parity_diff,-0.036279511981953255,-0.06468866999728354,-0.005375343986583056,0.042,True,338,4008,False,
benefits_denial,post_processing,gradient_boosting,national_origin_x_age,intersectional_demographic_parity_diff,0.04589591833000971,-0.024313470791635393,0.12664885929124206,0.2065,False,88,4969,False,superadditive
benefits_denial,post_processing,gradient_boosting,national_origin_x_race,intersectional_demographic_parity_diff,0.03897411313518695,-0.03526845637583891,0.11804410354745903,0.278,False,80,5215,False,
benefits_denial,post_processing,gradient_boosting,age_x_race,intersectional_demographic_parity_diff,-0.041198914080270016,-0.09214313229143736,0.019902413970210572,0.258,False,77,4956,False,
compas,baseline,logistic_regression,race,demographic_parity_diff,0.8552942002313437,0.8389521167339639,0.871445856261693,0.0,True,1788,1466,False,
compas,baseline,logistic_regression,race,disparate_impact_ratio,74.7501870449966,49.28572498432682,139.36680411546843,0.0,True,1788,1466,False,
compas,baseline,logistic_regression,race,equal_opportunity_diff,0.9260608562041289,0.9093736208052046,0.9415609624532095,0.0,True,1048,467,False,
compas,baseline,logistic_regression,race,equalized_odds_diff,0.9260608562041289,0.9093736208052046,0.9415609624532095,0.0,True,1048,467,False,driven_by_tpr_gap
compas,baseline,logistic_regression,race,predictive_parity_diff,0.5113851992409867,0.33617267552182173,0.640016129032258,0.0,True,1550,17,True,
compas,baseline,logistic_regression,race,accuracy_equality_diff,-0.03499455213016289,-0.06970360612358875,-0.002594662460972268,0.0395,True,1788,1466,False,
compas,baseline,random_forest,race,demographic_parity_diff,0.8639161791052065,0.8483759968686193,0.8798248937131277,0.0,True,1788,1466,False,
compas,baseline,random_forest,race,disparate_impact_ratio,212.03195761972702,114.92136406391828,641.530672784187,0.0,True,1788,1466,False,
compas,baseline,random_forest,race,equal_opportunity_diff,0.9229653301077202,0.9048522116154765,0.9386983670333622,0.0,True,1048,467,False,
compas,baseline,random_forest,race,equalized_odds_diff,0.9229653301077202,0.9048522116154765,0.9386983670333622,0.0,True,1048,467,False,driven_by_tpr_gap
compas,baseline,random_forest,race,predictive_parity_diff,0.12757731958762886,-0.21801439003436424,0.47508591065292105,0.663,False,1552,6,True,
compas,baseline,random_forest,race,accuracy_equality_diff,-0.04609935571690604,-0.07969323685873074,-0.012577826711958777,0.0065,True,1788,1466,False,
compas,baseline,gradient_boosting,race,demographic_parity_diff,0.85489972562269,0.8386791128365242,0.8711220360993861,0.0,True,1788,1466,False,
compas,baseline,gradient_boosting,race,disparate_impact_ratio,627.1825071037248,249.67183214812064,864654.2438478747,0.0,True,1788,1466,False,
compas,baseline,gradient_boosting,race,equal_opportunity_diff,0.917473069944587,0.8988768757049218,0.933212492031319,0.0,True,1048,467,False,
compas,baseline,gradient_boosting,race,equalized_odds_diff,0.917473069944587,0.8988768757049218,0.933212492031319,0.0,True,1048,467,False,driven_by_tpr_gap
compas,baseline,gradient_boosting,race,predictive_parity_diff,-0.3690398432397126,-0.39320705421293267,-0.34356629653821036,0.5575,False,1531,2,True,
compas,baseline,gradient_boosting,race,accuracy_equality_diff,-0.04466719161546895,-0.0777564008655551,-0.011021120796213054,0.011,True,1788,1466,False,
compas,unawareness,logistic_regression,race,demographic_parity_diff,0.1715575414083888,0.13867722439424884,0.20580652126805643,0.0,True,1788,1466,False,
compas,unawareness,logistic_regression,race,disparate_impact_ratio,1.3966920727982954,1.304436296060539,1.5029525081799922,0.0,True,1788,1466,False,
compas,unawareness,logistic_regression,race,equal_opportunity_diff,0.1413603151511189,0.08588348153717912,0.19636602603919762,0.0,True,1048,467,False,
compas,unawareness,logistic_regression,race,equalized_odds_diff,0.1431431431431432,0.09711836836836844,0.18979229229229233,0.0,True,740,999,False,driven_by_fpr_gap
compas,unawareness,logistic_regression,race,predictive_parity_diff,0.2558125949293142,0.20677393679168127,0.30013312010748916,0.0,True,1080,634,False,
compas,unawareness,logistic_regression,race,accuracy_equality_diff,-0.0018357947938508756,-0.03487954790310415,0.03243269896933022,0.9455,False,1788,1466,False,
compas,unawareness,random_forest,race,demographic_parity_diff,0.17969501084995926,0.1466228929562248,0.21256340588003697,0.0,True,1788,1466,False,
compas,unawareness,random_forest,race,disparate_impact_ratio,1.3668974206607545,1.2859105999099376,1.4547969160008256,0.0,True,1788,1466,False,
compas,unawareness,random_forest,race,equal_opportunity_diff,0.12706164081272375,0.07378329478398743,0.1799071240008499,0.0,True,1048,467,False,
compas,unawareness,random_forest,race,equalized_odds_diff,0.14599599599599605,0.10179929929929926,0.19179179179179184,0.0,True,740,999,False,driven_by_fpr_gap
compas,unawareness,random_forest,race,predictive_parity_diff,0.24717550608182476,0.20289224104830314,0.292310220770124,0.0,True,1197,718,False,
compas,unawareness,random_forest,race,accuracy_equality_diff,0.024832062163704594,-0.008307314795315698,0.05792914946085916,0.143,False,1788,1466,False,
compas,unawareness,gradient_boosting,race,demographic_parity_diff,0.17707637089464096,0.144250265526429,0.21064976529905294,0.0,True,1788,1466,False,
compas,unawareness,gradient_boosting,race,disparate_impact_ratio,1.3645975073477499,1.2829524627875544,1.4551055879401815,0.0,True,1788,1466,False,
compas,unawareness,gradient_boosting,race,equal_opportunity_diff,0.1246649067459994,0.0718080324304885,0.17735014793141202,0.0,True,1048,467,False,
compas,unawareness,gradient_boosting,race,equalized_odds_diff,0.14324324324324322,0.09794419419419417,0.18869619619619618,0.0,True,740,999,False,driven_by_fpr_gap
compas,unawareness,gradient_boosting,race,predictive_parity_diff,0.24724790214763187,0.20281049992888633,0.2907935985872091,0.0,True,1185,712,False,
compas,unawareness,gradient_boosting,race,accuracy_equality_diff,0.022349237450824178,-0.011065890230763816,0.05450448800705628,0.193,False,1788,1466,False,
compas,unawareness_proxy_removal,logistic_regression,race,demographic_parity_diff,0.11548873649096147,0.08765696961095802,0.14420667875269724,0.0,True,1788,1466,False,
compas,unawareness_proxy_removal,logistic_regression,race,disparate_impact_ratio,1.1606321178454124,1.1187542964126307,1.2058059396044036,0.0,True,1788,1466,False,
compas,unawareness_proxy_removal,logistic_regression,race,equal_opportunity_diff,0.06874111185576282,0.03203292291220565,0.10732996060611011,0.0,True,1048,467,False,
compas,unawareness_proxy_removal,logistic_regression,race,equalized_odds_diff,0.07352352352352354,0.02972722722722726,0.11527402402402397,0.0015,True,740,999,False,driven_by_fpr_gap
compas,unawareness_proxy_removal,logistic_regression,race,predictive_parity_diff,0.26430780735713816,0.22644578803587503,0.3043485241973637,0.0,True,1492,1054,False,
compas,unawareness_proxy_removal,logistic_regression,race,accuracy_equality_diff,0.14328660678587885,0.10814111279989988,0.17756439015904113,0.0,True,1788,1466,False,
compas,unawareness_proxy_removal,random_forest,race,demographic_parity_diff,0.12030559955562481,0.09211752749114153,0.14944975751638173,0.0,True,1788,1466,False,
compas,unawareness_proxy_removal,random_forest,race,disparate_impact_ratio,1.17073355145514,1.1274709628324082,1.2186080651588906,0.0,True,1788,1466,False,
compas,unawareness_proxy_removal,random_forest,race,equal_opportunity_diff,0.06729857626232072,0.029219978504993742,0.10635798584435328,0.001,True,1048,467,False,
compas,unawareness_proxy_removal,random_forest,race,equalized_odds_diff,0.07767767767767775,0.03538538538538538,0.12187312312312312,0.0015,True,740,999,False,driven_by_fpr_gap
compas,unawareness_proxy_removal,random_forest,race,predictive_parity_diff,0.2619731898206638,0.22294308169393084,0.3006010960342593,0.0,True,1475,1033,False,
compas,unawareness_proxy_removal,random_forest,race,accuracy_equality_diff,0.13448684728567895,0.09998494968731976,0.16952351740113708,0.0,True,1788,1466,False,
compas,unawareness_proxy_removal,gradient_boosting,race,demographic_parity_diff,0.12030559955562481,0.09211752749114153,0.14944975751638173,0.0,True,1788,1466,False,
compas,unawareness_proxy_removal,gradient_boosting,race,disparate_impact_ratio,1.17073355145514,1.1274709628324082,1.2186080651588906,0.0,True,1788,1466,False,
compas,unawareness_proxy_removal,gradient_boosting,race,equal_opportunity_diff,0.06729857626232072,0.029219978504993742,0.10635798584435328,0.001,True,1048,467,False,
compas,unawareness_proxy_removal,gradient_boosting,race,equalized_odds_diff,0.07767767767767775,0.03538538538538538,0.12187312312312312,0.0015,True,740,999,False,driven_by_fpr_gap
compas,unawareness_proxy_removal,gradient_boosting,race,predictive_parity_diff,0.2619731898206638,0.22294308169393084,0.3006010960342593,0.0,True,1475,1033,False,
compas,unawareness_proxy_removal,gradient_boosting,race,accuracy_equality_diff,0.13448684728567895,0.09998494968731976,0.16952351740113708,0.0,True,1788,1466,False,
compas,in_processing,logistic_regression,race,demographic_parity_diff,-0.01355100396458428,-0.039935957009134694,0.010860965631113563,0.3305,False,1788,1466,False,
compas,in_processing,logistic_regression,race,disparate_impact_ratio,0.9223997732416089,0.7879089403943603,1.0680464868068806,0.3305,False,1788,1466,False,
compas,in_processing,logistic_regression,race,equal_opportunity_diff,-0.04547256321820292,-0.08952675229252822,-0.0038048408715694055,0.0385,True,1048,467,False,
compas,in_processing,logistic_regression,race,equalized_odds_diff,-0.04547256321820292,-0.08952675229252822,-0.0038048408715694055,0.0385,True,1048,467,False,driven_by_tpr_gap
compas,in_processing,logistic_regression,race,predictive_parity_diff,0.2269965277777778,0.14709201388888893,0.3055555555555556,0.0,True,288,256,False,
compas,in_processing,logistic_regression,race,accuracy_equality_diff,-0.19159105267494986,-0.22407391935321427,-0.15798187324317645,0.0,True,1788,1466,False,
compas,in_processing,random_forest,race,demographic_parity_diff,0.025006790762121894,0.004323502751403181,0.046890803782072984,0.0225,True,1788,1466,False,
compas,in_processing,random_forest,race,disparate_impact_ratio,1.2493849636660814,1.0381537087038832,1.5373443729385647,0.0225,True,1788,1466,False,
compas,in_processing,random_forest,race,equal_opportunity_diff,0.017956094610719717,-0.01938514474393968,0.0534552405315723,0.3475,False,1048,467,False,
compas,in_processing,random_forest,race,equalized_odds_diff,0.02042042042042043,-0.00820820820820821,0.050757007007006985,0.1605,False,740,999,False,driven_by_fpr_gap
compas,in_processing,random_forest,race,predictive_parity_diff,0.2576530612244898,0.15411883503401355,0.3611926020408163,0.0,True,224,147,False,
compas,in_processing,random_forest,race,accuracy_equality_diff,-0.20965295390522237,-0.24315876496638197,-0.175819850999997,0.0,True,1788,1466,False,
compas,in_processing,gradient_boosting,race,demographic_parity_diff,0.025006790762121894,0.004323502751403181,0.046890803782072984,0.0225,True,1788,1466,False,
compas,in_processing,gradient_boosting,race,disparate_impact_ratio,1.2493849636660814,1.0381537087038832,1.5373443729385647,0.0225,True,1788,1466,False,
compas,in_processing,gradient_boosting,race,equal_opportunity_diff,0.017956094610719717,-0.01938514474393968,0.0534552405315723,0.3475,False,1048,467,False,
compas,in_processing,gradient_boosting,race,equalized_odds_diff,0.02042042042042043,-0.00820820820820821,0.050757007007006985,0.1605,False,740,999,False,driven_by_fpr_gap
compas,in_processing,gradient_boosting,race,predictive_parity_diff,0.2576530612244898,0.15411883503401355,0.3611926020408163,0.0,True,224,147,False,
compas,in_processing,gradient_boosting,race,accuracy_equality_diff,-0.20965295390522237,-0.24315876496638197,-0.175819850999997,0.0,True,1788,1466,False,
compas,post_processing,logistic_regression,race,demographic_parity_diff,0.02300923848851366,-0.009350459788006098,0.05553948790023529,0.1485,False,1788,1466,False,
compas,post_processing,logistic_regression,race,disparate_impact_ratio,1.0351369709514184,0.9861793170344573,1.0876596312452191,0.1485,False,1788,1466,False,
compas,post_processing,logistic_regression,race,equal_opportunity_diff,-0.01591897281658139,-0.06233051228402831,0.030026705297742654,0.52,False,1048,467,False,
compas,post_processing,logistic_regression,race,equalized_odds_diff,-0.01591897281658139,-0.06233051228402831,0.030026705297742654,0.52,False,1048,467,False,driven_by_tpr_gap
compas,post_processing,logistic_regression,race,predictive_parity_diff,0.27051361386138617,0.2294843234323432,0.3099463696369637,0.0,True,1212,960,False,
compas,post_processing,logistic_regression,race,accuracy_equality_diff,0.09297697855339981,0.05820243948591642,0.12882096727920864,0.0,True,1788,1466,False,
compas,post_processing,random_forest,race,demographic_parity_diff,0.023733332112522154,-0.008655932684472204,0.05617184901007478,0.146,False,1788,1466,False,
compas,post_processing,random_forest,race,disparate_impact_ratio,1.036818000954252,0.9869678750799381,1.0894573200295168,0.146,False,1788,1466,False,
compas,post_processing,random_forest,race,equal_opportunity_diff,-0.021644163656276083,-0.06805514122954699,0.024538582718995613,0.401,False,1048,467,False,
compas,post_processing,random_forest,race,equalized_odds_diff,-0.021644163656276083,-0.06805514122954699,0.024538582718995613,0.401,False,1048,467,False,driven_by_tpr_gap
compas,post_processing,random_forest,race,predictive_parity_diff,0.2687387925881649,0.22756016027982562,0.30909599079055133,0.0,True,1195,945,False,
compas,post_processing,random_forest,race,accuracy_equality_diff,0.08554147553341818,0.05236125862579392,0.1197642461033233,0.0,True,1788,1466,False,
compas,post_processing,gradient_boosting,race,demographic_parity_diff,0.025097588592740472,-0.006956353711723761,0.057568132708278034,0.1255,False,1788,1466,False,
compas,post_processing,gradient_boosting,race,disparate_impact_ratio,1.039016975268369,0.9892721670238419,1.0923135343485286,0.1255,False,1788,1466,False,
compas,post_processing,gradient_boosting,race,equal_opportunity_diff,-0.01950283603314973,-0.06594211264037139,0.02623126338329762,0.4405,False,1048,467,False,
compas,post_processing,gradient_boosting,race,equalized_odds_diff,-0.01950283603314973,-0.06594211264037139,0.02623126338329762,0.4405,False,1048,467,False,driven_by_tpr_gap
compas,post_processing,gradient_boosting,race,predictive_parity_diff,0.26901147854483815,0.22815362703381442,0.31075276092946486,0.0,True,1195,943,False,
compas,post_processing,gradient_boosting,race,accuracy_equality_diff,0.08554147553341818,0.05234060021181072,0.11945416006665634,0.0,True,1788,1466,False,
german_credit_lending,baseline,logistic_regression,age,demographic_parity_diff,-0.12877530700298712,-0.25157650182542324,0.0016788361544417233,0.0495,True,69,131,False,
german_credit_lending,baseline,logistic_regression,age,disparate_impact_ratio,0.8438005115253859,0.7076335220292402,1.0020377561629612,0.0495,True,69,131,False,
german_credit_lending,baseline,logistic_regression,age,equal_opportunity_diff,-0.1730994152046783,-0.31812865497076026,-0.03157894736842104,0.0185,True,45,95,False,
german_credit_lending,baseline,logistic_regression,age,equalized_odds_diff,-0.1730994152046783,-0.31812865497076026,-0.03157894736842104,0.0185,True,45,95,False,driven_by_tpr_gap
german_credit_lending,baseline,logistic_regression,age,predictive_parity_diff,-0.11111111111111116,-0.2685185185185185,0.03935185185185186,0.1585,False,48,108,False,
german_credit_lending,baseline,logistic_regression,age,accuracy_equality_diff,-0.15311428255337978,-0.3019332890806505,-0.011928863812368717,0.0305,True,69,131,False,
german_credit_lending,baseline,random_forest,age,demographic_parity_diff,-0.07235313640889474,-0.19061843124239397,0.036749087288416825,0.228,False,69,131,False,
german_credit_lending,baseline,random_forest,age,disparate_impact_ratio,0.9153727697910888,0.7867870384164982,1.0433907967346718,0.228,False,69,131,False,
german_credit_lending,baseline,random_forest,age,equal_opportunity_diff,-0.07017543859649122,-0.18947368421052624,0.03040935672514622,0.203,False,45,95,False,
german_credit_lending,baseline,random_forest,age,equalized_odds_diff,-0.07017543859649122,-0.18947368421052624,0.03040935672514622,0.203,False,45,95,False,driven_by_tpr_gap
german_credit_lending,baseline,random_forest,age,predictive_parity_diff,-0.07242063492063489,-0.21727843915343914,0.07242063492063489,0.3275,False,54,112,False,
german_credit_lending,baseline,random_forest,age,accuracy_equality_diff,-0.08297378028542979,-0.2141829848434561,0.04369952428365975,0.2485,False,69,131,False,
german_credit_lending,baseline,gradient_boosting,age,demographic_parity_diff,-0.033410775528266434,-0.1524504923110963,0.08408009735590227,0.6005,False,69,131,False,
german_credit_lending,baseline,gradient_boosting,age,disparate_impact_ratio,0.958316132060798,0.8186413561096639,1.1091672081494206,0.6005,False,69,131,False,
german_credit_lending,baseline,gradient_boosting,age,equal_opportunity_diff,-0.04912280701754379,-0.16023391812865495,0.0690058479532164,0.541,False,45,95,False,
german_credit_lending,baseline,gradient_boosting,age,equalized_odds_diff,0.08333333333333337,-0.18055555555555552,0.33333333333333337,0.5985,False,24,36,True,driven_by_fpr_gap
german_credit_lending,baseline,gradient_boosting,age,predictive_parity_diff,-0.09272237196765509,-0.23468104222821207,0.03111410601976534,0.219,False,53,105,False,
german_credit_lending,baseline,gradient_boosting,age,accuracy_equality_diff,-0.09138179002101998,-0.22568868237636908,0.03374267064940806,0.157,False,69,131,False,
german_credit_lending,unawareness,logistic_regression,age,demographic_parity_diff,-0.08452262418409118,-0.20358170151565438,0.04137625843566761,0.2085,False,69,131,False,
german_credit_lending,unawareness,logistic_regression,age,disparate_impact_ratio,0.8955429237335948,0.7559047512583136,1.054750330129083,0.2085,False,69,131,False,
german_credit_lending,unawareness,logistic_regression,age,equal_opportunity_diff,-0.10760233918128659,-0.2526900584795321,0.03391812865497079,0.1495,False,45,95,False,
german_credit_lending,unawareness,logistic_regression,age,equalized_odds_diff,-0.10760233918128659,-0.2526900584795321,0.03391812865497079,0.1495,False,45,95,False,driven_by_tpr_gap
german_credit_lending,unawareness,logistic_regression,age,predictive_parity_diff,-0.09358490566037736,-0.2501886792452831,0.055849056603773484,0.255,False,50,106,False,
german_credit_lending,unawareness,logistic_regression,age,accuracy_equality_diff,-0.10886159973448384,-0.24849817457683368,0.029245491757937603,0.1395,False,69,131,False,
german_credit_lending,unawareness,random_forest,age,demographic_parity_diff,0.000885053656377921,-0.1036619095032636,0.0985922115278238,1.0,False,69,131,False,
german_credit_lending,unawareness,random_forest,age,disparate_impact_ratio,1.0010540171900841,0.8826299431496079,1.124384251539433,1.0,False,69,131,False,
german_credit_lending,unawareness,random_forest,age,equal_opportunity_diff,0.01754385964912286,-0.07953216374269012,0.1040935672514619,0.7485,False,45,95,False,
german_credit_lending,unawareness,random_forest,age,equalized_odds_diff,0.02777777777777779,-0.20833333333333337,0.25034722222222033,1.0,False,24,36,True,driven_by_fpr_gap
german_credit_lending,unawareness,random_forest,age,predictive_parity_diff,-0.06677115987460813,-0.19937304075235107,0.07398119122257052,0.32,False,58,110,False,
german_credit_lending,unawareness,random_forest,age,accuracy_equality_diff,-0.03872109746653396,-0.17070472397389092,0.08717778515322494,0.618,False,69,131,False,
german_credit_lending,unawareness,gradient_boosting,age,demographic_parity_diff,-0.0394955194158646,-0.17072408452262414,0.08493196150016545,0.609,False,69,131,False,
german_credit_lending,unawareness,gradient_boosting,age,disparate_impact_ratio,0.9492754274651053,0.7924044061562832,1.1180352549242076,0.609,False,69,131,False,
german_credit_lending,unawareness,gradient_boosting,age,equal_opportunity_diff,-0.01754385964912275,-0.1380116959064327,0.10058479532163744,0.7775,False,45,95,False,
german_credit_lending,unawareness,gradient_boosting,age,equalized_odds_diff,-0.01754385964912275,-0.1380116959064327,0.10058479532163744,0.7775,False,45,95,False,driven_by_tpr_gap
german_credit_lending,unawareness,gradient_boosting,age,predictive_parity_diff,-0.05882352941176472,-0.196078431372549,0.07843137254901955,0.5295,False,51,102,False,
german_credit_lending,unawareness,gradient_boosting,age,accuracy_equality_diff,-0.0394955194158646,-0.17227292842128553,0.08408009735590227,0.599,False,69,131,False,
german_credit_lending,unawareness_proxy_removal,logistic_regression,age,demographic_parity_diff,-0.08374820223476043,-0.21042150680384997,0.04746100232326589,0.2255,False,69,131,False,
german_credit_lending,unawareness_proxy_removal,logistic_regression,age,disparate_impact_ratio,0.8945096089085348,0.7452258300018587,1.0615959863228,0.2255,False,69,131,False,
german_credit_lending,unawareness_proxy_removal,logistic_regression,age,equal_opportunity_diff,-0.08538011695906433,-0.22926900584795318,0.056140350877193046,0.2205,False,45,95,False,
german_credit_lending,unawareness_proxy_removal,logistic_regression,age,equalized_odds_diff,-0.08538011695906433,-0.22926900584795318,0.056140350877193046,0.2205,False,45,95,False,driven_by_tpr_gap
german_credit_lending,unawareness_proxy_removal,logistic_regression,age,predictive_parity_diff,-0.07417582417582413,-0.22664835164835173,0.06279434850863419,0.426,False,49,104,False,
german_credit_lending,unawareness_proxy_removal,logistic_regression,age,accuracy_equality_diff,-0.08065051443743776,-0.21495740679278685,0.050558690120588556,0.2545,False,69,131,False,
german_credit_lending,unawareness_proxy_removal,random_forest,age,demographic_parity_diff,0.010841907290629504,-0.10432569974554706,0.12381624073459449,1.0,False,69,131,False,
german_credit_lending,unawareness_proxy_removal,random_forest,age,disparate_impact_ratio,1.0137892043561816,0.873635449812562,1.17144595286772,1.0,False,69,131,False,
german_credit_lending,unawareness_proxy_removal,random_forest,age,equal_opportunity_diff,0.03742690058479525,-0.07251461988304098,0.13684210526315788,0.579,False,45,95,False,
german_credit_lending,unawareness_proxy_removal,random_forest,age,equalized_odds_diff,0.03742690058479525,-0.07251461988304098,0.13684210526315788,0.579,False,45,95,False,driven_by_tpr_gap
german_credit_lending,unawareness_proxy_removal,random_forest,age,predictive_parity_diff,-0.060370697263901096,-0.20953221535745803,0.07911297440423633,0.4135,False,55,103,False,
german_credit_lending,unawareness_proxy_removal,random_forest,age,accuracy_equality_diff,-0.016594756057086046,-0.14413651952649612,0.1100785485120035,0.856,False,69,131,False,
german_credit_lending,unawareness_proxy_removal,gradient_boosting,age,demographic_parity_diff,-0.018143599955747325,-0.14404248257550611,0.0985922115278238,0.865,False,69,131,False,
german_credit_lending,unawareness_proxy_removal,gradient_boosting,age,disparate_impact_ratio,0.976924188628431,0.8261633152027401,1.131061513791469,0.865,False,69,131,False,
german_credit_lending,unawareness_proxy_removal,gradient_boosting,age,equal_opportunity_diff,-0.028070175438596467,-0.14619883040935677,0.08891812865497051,0.7675,False,45,95,False,
german_credit_lending,unawareness_proxy_removal,gradient_boosting,age,equalized_odds_diff,0.08333333333333337,-0.16666666666666663,0.3333333333333333,0.613,False,24,36,True,driven_by_fpr_gap
german_credit_lending,unawareness_proxy_removal,gradient_boosting,age,predictive_parity_diff,-0.08939366184282838,-0.23117787140501922,0.04434420223484152,0.217,False,53,103,False,
german_credit_lending,unawareness_proxy_removal,gradient_boosting,age,accuracy_equality_diff,-0.07611461444850087,-0.21495740679278685,0.04978426817125792,0.2875,False,69,131,False,
german_credit_lending,in_processing,logistic_regression,age,demographic_parity_diff,0.023011395065825835,-0.08531640668215516,0.12755835822546746,0.7065,False,69,131,False,
german_credit_lending,in_processing,logistic_regression,age,disparate_impact_ratio,1.02765586358445,0.9001750252771047,1.1612774800260068,0.7065,False,69,131,False,
german_credit_lending,in_processing,logistic_regression,age,equal_opportunity_diff,0.004678362573099393,-0.11578947368421044,0.11461988304093562,1.0,False,45,95,False,
german_credit_lending,in_processing,logistic_regression,age,equalized_odds_diff,0.09722222222222221,-0.125,0.30555555555555547,0.5725,False,24,36,True,driven_by_fpr_gap
german_credit_lending,in_processing,logistic_regression,age,predictive_parity_diff,-0.0926761001399472,-0.23884310371637385,0.05489037474731773,0.2175,False,59,109,False,
german_credit_lending,in_processing,logistic_regression,age,accuracy_equality_diff,-0.0730169266511782,-0.21110465759486666,0.05896669985617875,0.333,False,69,131,False,
german_credit_lending,in_processing,random_forest,age,demographic_parity_diff,0.05432016816019469,-0.054007633587786194,0.1657456577054983,0.4595,False,69,131,False,
german_credit_lending,in_processing,random_forest,age,disparate_impact_ratio,1.0690867279478071,0.9326140512626271,1.2218810588829179,0.4595,False,69,131,False,
german_credit_lending,in_processing,random_forest,age,equal_opportunity_diff,0.015204678362572999,-0.10409356725146202,0.12397660818713452,1.0,False,45,95,False,
german_credit_lending,in_processing,random_forest,age,equalized_odds_diff,0.19444444444444442,-0.04166666666666674,0.41666666666666663,0.184,False,24,36,True,driven_by_fpr_gap
german_credit_lending,in_processing,random_forest,age,predictive_parity_diff,-0.11617007030465343,-0.26380984265148977,0.020781720790090212,0.1125,False,58,103,False,
german_credit_lending,in_processing,random_forest,age,accuracy_equality_diff,-0.08905852417302806,-0.22261035512777963,0.04524836818232103,0.188,False,69,131,False,
german_credit_lending,in_processing,gradient_boosting,age,demographic_parity_diff,-0.0036508463325588547,-0.1219161411660582,0.1130656046022791,1.0,False,69,131,False,
german_credit_lending,in_processing,gradient_boosting,age,disparate_impact_ratio,0.9953566964923063,0.8498276545766502,1.1506519042184207,1.0,False,69,131,False,
german_credit_lending,in_processing,gradient_boosting,age,equal_opportunity_diff,-0.06081871345029244,-0.191812865497076,0.056140350877193046,0.3785,False,45,95,False,
german_credit_lending,in_processing,gradient_boosting,age,equalized_odds_diff,0.19444444444444442,-0.055555555555555525,0.4305555555555556,0.1915,False,24,36,True,driven_by_fpr_gap
german_credit_lending,in_processing,gradient_boosting,age,predictive_parity_diff,-0.13124775260697585,-0.28029485796476084,0.0071916576770946206,0.072,False,54,103,False,
german_credit_lending,in_processing,gradient_boosting,age,accuracy_equality_diff,-0.13486005089058528,-0.26924161964819104,-0.004425268281889605,0.036,True,69,131,False,
german_credit_lending,post_processing,logistic_regression,age,demographic_parity_diff,0.06582586569310767,-0.06084743887598176,0.1941033300143818,0.3925,False,69,131,False,
german_credit_lending,post_processing,logistic_regression,age,disparate_impact_ratio,1.093730175295045,0.9192983568973534,1.30252688778809,0.3925,False,69,131,False,
german_credit_lending,post_processing,logistic_regression,age,equal_opportunity_diff,-0.021052631578947323,-0.16608187134502916,0.11929824561403513,0.817,False,45,95,False,
german_credit_lending,post_processing,logistic_regression,age,equalized_odds_diff,0.3194444444444445,0.06944444444444442,0.5555555555555556,0.022,True,24,36,True,driven_by_fpr_gap
german_credit_lending,post_processing,logistic_regression,age,predictive_parity_diff,-0.16858080393765384,-0.3223954060705496,-0.02783531583265,0.0205,True,53,92,False,
german_credit_lending,post_processing,logistic_regression,age,accuracy_equality_diff,-0.1401703728288528,-0.272173359884943,-0.007412324372164991,0.043,True,69,131,False,
german_credit_lending,post_processing,random_forest,age,demographic_parity_diff,0.07036176568204444,-0.04637404580152664,0.1825423166279455,0.2855,False,69,131,False,
german_credit_lending,post_processing,random_forest,age,disparate_impact_ratio,1.093104839470847,0.939876674337027,1.265700083014651,0.2855,False,69,131,False,
german_credit_lending,post_processing,random_forest,age,equal_opportunity_diff,0.10058479532163744,-0.017573099415204574,0.20938596491228056,0.1515,False,45,95,False,
german_credit_lending,post_processing,random_forest,age,equalized_odds_diff,0.10058479532163744,-0.017573099415204574,0.20938596491228056,0.1515,False,45,95,False,driven_by_tpr_gap
german_credit_lending,post_processing,random_forest,age,predictive_parity_diff,-0.05847953216374269,-0.20680489101541732,0.07708665603402443,0.428,False,57,99,False,
german_credit_lending,post_processing,random_forest,age,accuracy_equality_diff,0.015488438986613562,-0.12042261312092033,0.14826584799203443,0.869,False,69,131,False,
german_credit_lending,post_processing,gradient_boosting,age,demographic_parity_diff,0.020024338975550338,-0.10589390419294169,0.14592322159530913,0.8545,False,69,131,False,
german_credit_lending,post_processing,gradient_boosting,age,disparate_impact_ratio,1.0267671928499473,0.8663291414451796,1.206415437380306,0.8545,False,69,131,False,
german_credit_lending,post_processing,gradient_boosting,age,equal_opportunity_diff,0.04678362573099415,-0.08187134502923976,0.15672514619883038,0.622,False,45,95,False,
german_credit_lending,post_processing,gradient_boosting,age,equalized_odds_diff,0.04678362573099415,-0.08187134502923976,0.15672514619883038,0.622,False,45,95,False,driven_by_tpr_gap
german_credit_lending,post_processing,gradient_boosting,age,predictive_parity_diff,-0.06160954948016939,-0.21165286869464764,0.07200616095494805,0.3985,False,53,98,False,
german_credit_lending,post_processing,gradient_boosting,age,accuracy_equality_diff,-0.008961168270826492,-0.14094479477818345,0.11931629605044776,1.0,False,69,131,False,
healthcare_readmission,baseline,logistic_regression,gender,demographic_parity_diff,0.0010310975378326152,-0.0009028774433419261,0.002885715556956855,0.2955,False,10661,9238,False,
healthcare_readmission,baseline,logistic_regression,gender,disparate_impact_ratio,1.2441800850992706,0.8311863875983485,1.896823700327588,0.2955,False,10661,9238,False,
healthcare_readmission,baseline,logistic_regression,gender,equal_opportunity_diff,0.003558169949497203,-0.008127857069214237,0.014826357572131459,0.65,False,1243,991,False,
healthcare_readmission,baseline,logistic_regression,gender,equalized_odds_diff,0.003558169949497203,-0.008127857069214237,0.014826357572131459,0.65,False,1243,991,False,driven_by_tpr_gap
healthcare_readmission,baseline,logistic_regression,gender,predictive_parity_diff,0.020604395604395587,-0.19459706959706963,0.23260073260073266,1.0,False,56,39,False,
healthcare_readmission,baseline,logistic_regression,gender,accuracy_equality_diff,-0.009181742381718427,-0.017571378798017383,-0.00038349184706040827,0.0485,True,10661,9238,False,
healthcare_readmission,baseline,logistic_regression,race,demographic_parity_diff,0.0009475101460871948,-0.0014097511354850892,0.00340059785481294,0.4575,False,4541,15358,False,
healthcare_readmission,baseline,logistic_regression,race,disparate_impact_ratio,1.2078381263666058,0.731228249320348,1.8445713433227804,0.4575,False,4541,15358,False,
healthcare_readmission,baseline,logistic_regression,race,equal_opportunity_diff,0.007020209915546621,-0.00752554869248136,0.02306692769777589,0.354,False,467,1767,False,
healthcare_readmission,baseline,logistic_regression,race,equalized_odds_diff,0.007020209915546621,-0.00752554869248136,0.02306692769777589,0.354,False,467,1767,False,driven_by_tpr_gap
healthcare_readmission,baseline,logistic_regression,race,predictive_parity_diff,0.008571428571428563,-0.20857142857142857,0.24,1.0,False,25,70,True,
healthcare_readmission,baseline,logistic_regression,race,accuracy_equality_diff,0.01225349429496514,0.001828663753455298,0.022784294196279507,0.0235,True,4541,15358,False,
healthcare_readmission,baseline,logistic_regression,age,demographic_parity_diff,-0.004667928992683612,-0.006493820092959026,-0.0027503001990930804,0.0,True,9010,10889,False,
healthcare_readmission,baseline,logistic_regression,age,disparate_impact_ratio,0.32237733109213185,0.18494087009411575,0.524585280294457,0.0,True,9010,10889,False,
healthcare_readmission,baseline,logistic_regression,age,equal_opportunity_diff,-0.02599848680118748,-0.03764562935605696,-0.015245758555023371,0.0,True,1118,1116,False,
healthcare_readmission,baseline,logistic_regression,age,equalized_odds_diff,-0.02599848680118748,-0.03764562935605696,-0.015245758555023371,0.0,True,1118,1116,False,driven_by_tpr_gap
healthcare_readmission,baseline,logistic_regression,age,predictive_parity_diff,-0.09333333333333332,-0.32666666666666666,0.14674999999999955,0.6015,False,20,75,True,
healthcare_readmission,baseline,logistic_regression,age,accuracy_equality_diff,-0.021947715974403814,-0.03063113234557695,-0.013094388088703439,0.0,True,9010,10889,False,
healthcare_readmission,baseline,logistic_regression,gender_x_race,intersectional_demographic_parity_diff,0.0002812348496064889,-0.002193631826930613,0.002999596473351274,0.84,False,2632,7329,False,
healthcare_readmission,baseline,logistic_regression,gender_x_age,intersectional_demographic_parity_diff,-0.003453722559455305,-0.005720308702566932,-0.0010255575469399717,0.0025,True,5145,5373,False,
healthcare_readmission,baseline,logistic_regression,race_x_age,intersectional_demographic_parity_diff,-0.004094972972039285,-0.007167596231818157,-0.0004848646687901862,0.09,False,1385,7733,False,
healthcare_readmission,baseline,random_forest,gender,demographic_parity_diff,0.0012985153937829213,8.514152189139784e-05,0.0026190541512578426,0.0725,False,10661,9238,False,
healthcare_readmission,baseline,random_forest,gender,disparate_impact_ratio,1.8562696420580926,1.0394151012125696,3.983772887078767,0.059,False,10661,9238,False,
healthcare_readmission,baseline,random_forest,gender,equal_opportunity_diff,0.002985842818674587,-0.005691509181994336,0.011249272413913474,0.5475,False,1243,991,False,
healthcare_readmission,baseline,random_forest,gender,equalized_odds_diff,0.002985842818674587,-0.005691509181994336,0.011249272413913474,0.5475,False,1243,991,False,driven_by_tpr_gap
healthcare_readmission,baseline,random_forest,gender,predictive_parity_diff,-0.1428571428571429,-0.4523809523809524,0.17142857142857143,0.5305,False,30,14,True,
healthcare_readmission,baseline,random_forest,gender,accuracy_equality_diff,-0.00975188248991099,-0.01829059088187253,-0.0007533779971345847,0.03,True,10661,9238,False,
healthcare_readmission,baseline,random_forest,race,demographic_parity_diff,-0.0008676571799316316,-0.002089440541429781,0.0006087408556595909,0.2885,False,4541,15358,False,
healthcare_readmission,baseline,random_forest,race,disparate_impact_ratio,0.6400013483757201,0.2307395344714597,1.3091889935615226,0.2885,False,4541,15358,False,
healthcare_readmission,baseline,random_forest,race,equal_opportunity_diff,-0.0027533086359609726,-0.01156341153360018,0.0070662599719579396,0.632,False,467,1767,False,
healthcare_readmission,baseline,random_forest,race,equalized_odds_diff,-0.0027533086359609726,-0.01156341153360018,0.0070662599719579396,0.632,False,467,1767,False,driven_by_tpr_gap
healthcare_readmission,baseline,random_forest,race,predictive_parity_diff,0.030888030888030826,-0.37065637065637064,0.4249034749034738,1.0,False,7,37,True,
healthcare_readmission,baseline,random_forest,race,accuracy_equality_diff,0.012238137403826177,0.0018720537818688915,0.022995518841959068,0.025,True,4541,15358,False,
healthcare_readmission,baseline,random_forest,age,demographic_parity_diff,-0.00160689202688944,-0.0028773653706063683,-0.00035557067692156235,0.0265,True,9010,10889,False,
healthcare_readmission,baseline,random_forest,age,disparate_impact_ratio,0.453390773345935,0.20742590568324168,0.8408422864938011,0.0195,True,9010,10889,False,
healthcare_readmission,baseline,random_forest,age,equal_opportunity_diff,-0.01076230596110566,-0.019718070543276844,-0.0026993927969171773,0.0145,True,1118,1116,False,
healthcare_readmission,baseline,random_forest,age,equalized_odds_diff,-0.01076230596110566,-0.019718070543276844,-0.0026993927969171773,0.0145,True,1118,1116,False,driven_by_tpr_gap
healthcare_readmission,baseline,random_forest,age,predictive_parity_diff,-0.0625,-0.40625,0.28125,0.737,False,12,32,True,
healthcare_readmission,baseline,random_forest,age,accuracy_equality_diff,-0.021962943797001477,-0.03029403687028906,-0.013154571114084348,0.0,True,9010,10889,False,
healthcare_readmission,baseline,random_forest,gender_x_race,intersectional_demographic_parity_diff,0.0002623648984070859,-0.0015302804655362113,0.002298505209558066,0.7855,False,2632,7329,False,
healthcare_readmission,baseline,random_forest,gender_x_age,intersectional_demographic_parity_diff,-0.00029800226703108465,-0.0019895395344067274,0.0014100303916733002,0.835,False,5145,5373,False,
healthcare_readmission,baseline,random_forest,race_x_age,intersectional_demographic_parity_diff,-0.0026401922278798586,-0.004396741238846502,-0.0006250113793340093,0.1205,False,1385,7733,False,superadditive
healthcare_readmission,baseline,gradient_boosting,gender,demographic_parity_diff,0.0009593210703643118,-0.0003827798192232145,0.002344939933687032,0.195,False,10661,9238,False,
healthcare_readmission,baseline,gradient_boosting,gender,disparate_impact_ratio,1.4920923388332985,0.8376372541286727,2.790904282626082,0.195,False,10661,9238,False,
healthcare_readmission,baseline,gradient_boosting,gender,equal_opportunity_diff,0.0053993585065265585,-0.003873152824332914,0.014076710507195465,0.321,False,1243,991,False,
healthcare_readmission,baseline,gradient_boosting,gender,equalized_odds_diff,0.0053993585065265585,-0.003873152824332914,0.014076710507195465,0.321,False,1243,991,False,driven_by_tpr_gap
healthcare_readmission,baseline,gradient_boosting,gender,predictive_parity_diff,0.08064516129032262,-0.2008512544802865,0.37634408602150543,0.7545,False,31,18,True,
healthcare_readmission,baseline,gradient_boosting,gender,accuracy_equality_diff,-0.008849889179530446,-0.017545671420064708,0.00024975042726242485,0.0515,False,10661,9238,False,
healthcare_readmission,baseline,gradient_boosting,race,demographic_parity_diff,-0.0003372350351971052,-0.0018137789684235645,0.0013096230581526608,0.7325,False,4541,15358,False,
healthcare_readmission,baseline,gradient_boosting,race,disparate_impact_ratio,0.8672508484849186,0.3658090509711398,1.5914358150678636,0.7325,False,4541,15358,False,
healthcare_readmission,baseline,gradient_boosting,race,equal_opportunity_diff,0.000963415653868387,-0.009743222461763304,0.012480777131057249,1.0,False,467,1767,False,
healthcare_readmission,baseline,gradient_boosting,race,equalized_odds_diff,0.000963415653868387,-0.009743222461763304,0.012480777131057249,1.0,False,467,1767,False,driven_by_tpr_gap
healthcare_readmission,baseline,gradient_boosting,race,predictive_parity_diff,0.06153846153846154,-0.28717948717948716,0.3897435897435898,1.0,False,10,39,True,
healthcare_readmission,baseline,gradient_boosting,race,accuracy_equality_diff,0.012458353215321405,0.0020889426254215807,0.02321400072996129,0.022,True,4541,15358,False,
healthcare_readmission,baseline,gradient_boosting,age,demographic_parity_diff,-0.0028773653706063683,-0.004220903213733089,-0.0016451960143875402,0.0,True,9010,10889,False,
healthcare_readmission,baseline,gradient_boosting,age,disparate_impact_ratio,0.23601676811900513,0.09085886369457703,0.453354513047068,0.0,True,9010,10889,False,
healthcare_readmission,baseline,gradient_boosting,age,equal_opportunity_diff,-0.017031501465109868,-0.025988909086245918,-0.008962136367425188,0.0005,True,1118,1116,False,
healthcare_readmission,baseline,gradient_boosting,age,equalized_odds_diff,-0.017031501465109868,-0.025988909086245918,-0.008962136367425188,0.0005,True,1118,1116,False,driven_by_tpr_gap
healthcare_readmission,baseline,gradient_boosting,age,predictive_parity_diff,-0.060975609756097615,-0.43292682926829273,0.31097560975609756,1.0,False,8,41,True,
healthcare_readmission,baseline,gradient_boosting,age,accuracy_equality_diff,-0.022054779594595453,-0.03054692523862785,-0.013204679212258786,0.0,True,9010,10889,False,
healthcare_readmission,baseline,gradient_boosting,gender_x_race,intersectional_demographic_parity_diff,0.0006129105303036902,-0.0015890676211958905,0.003058383629010953,0.6325,False,2632,7329,False,
healthcare_readmission,baseline,gradient_boosting,gender_x_age,intersectional_demographic_parity_diff,-0.0018281668573946288,-0.003353499491844271,-0.0003225391616325891,0.035,True,5145,5373,False,
healthcare_readmission,baseline,gradient_boosting,race_x_age,intersectional_demographic_parity_diff,-0.0028233819987572607,-0.00517263675158412,-0.0003224354715899504,0.155,False,1385,7733,False,
healthcare_readmission,unawareness,logistic_regression,gender,demographic_parity_diff,0.0025034644913824477,0.0010168823653250998,0.004018710497431735,0.002,True,10661,9238,False,
healthcare_readmission,unawareness,logistic_regression,gender,disparate_impact_ratio,2.540851372427505,1.4571031124730647,5.098649689765221,0.002,True,10661,9238,False,
healthcare_readmission,unawareness,logistic_regression,gender,equal_opportunity_diff,0.012449129859808268,0.0037900030280570178,0.021112681064414784,0.0125,True,1243,991,False,
healthcare_readmission,unawareness,logistic_regression,gender,equalized_odds_diff,0.012449129859808268,0.0037900030280570178,0.021112681064414784,0.0125,True,1243,991,False,driven_by_tpr_gap
healthcare_readmission,unawareness,logistic_regression,gender,predictive_parity_diff,0.12272727272727268,-0.16818181818181815,0.3924242424242424,0.531,False,44,15,True,
healthcare_readmission,unawareness,logistic_regression,gender,accuracy_equality_diff,-0.008806543057077176,-0.017264088398553,7.104260918763586e-05,0.0495,True,10661,9238,False,
healthcare_readmission,unawareness,logistic_regression,race,demographic_parity_diff,-0.0004177045712116536,-0.0020093549276937045,0.0013098610827958956,0.7595,False,4541,15358,False,
healthcare_readmission,unawareness,logistic_regression,race,disparate_impact_ratio,0.8635529521083605,0.41542916475183667,1.491928455773206,0.645,False,4541,15358,False,
healthcare_readmission,unawareness,logistic_regression,race,equal_opportunity_diff,-0.000168446258978246,-0.011119876779743791,0.011919814733351968,1.0,False,467,1767,False,
healthcare_readmission,unawareness,logistic_regression,race,equalized_odds_diff,-0.0002931204256823774,-0.001569268871690805,0.0012043804472674513,0.8325,False,4074,13591,False,driven_by_fpr_gap
healthcare_readmission,unawareness,logistic_regression,race,predictive_parity_diff,0.010638297872340441,-0.30319148936170215,0.32451241134751746,1.0,False,12,47,True,
healthcare_readmission,unawareness,logistic_regression,race,accuracy_equality_diff,0.012278372171833474,0.0017269476502652455,0.022810793078323715,0.0235,True,4541,15358,False,
healthcare_readmission,unawareness,logistic_regression,age,demographic_parity_diff,-0.003998546935482243,-0.0054680178012634605,-0.0025635539903265617,0.0,True,9010,10889,False,
healthcare_readmission,unawareness,logistic_regression,age,disparate_impact_ratio,0.16286419214126202,0.055937201224862836,0.32244290307620643,0.0,True,9010,10889,False,
healthcare_readmission,unawareness,logistic_regression,age,equal_opportunity_diff,-0.01882361616045037,-0.028677041055135577,-0.009867851578279185,0.0,True,1118,1116,False,
healthcare_readmission,unawareness,logistic_regression,age,equalized_odds_diff,-0.01882361616045037,-0.028677041055135577,-0.009867851578279185,0.0,True,1118,1116,False,driven_by_tpr_gap
healthcare_readmission,unawareness,logistic_regression,age,predictive_parity_diff,0.09065934065934061,-0.3186813186813187,0.47252747252747246,0.7095,False,7,52,True,
healthcare_readmission,unawareness,logistic_regression,age,accuracy_equality_diff,-0.02130094122009507,-0.02986328289635224,-0.012467114426486459,0.0,True,9010,10889,False,
healthcare_readmission,unawareness,logistic_regression,gender_x_race,intersectional_demographic_parity_diff,0.0015386267901051783,-0.000526907098875641,0.004091150573501363,0.184,False,2632,7329,False,
healthcare_readmission,unawareness,logistic_regression,gender_x_age,intersectional_demographic_parity_diff,-0.0014559353293842063,-0.0029531091370902673,-0.00011168031063426526,0.0805,False,5145,5373,False,
healthcare_readmission,unawareness,logistic_regression,race_x_age,intersectional_demographic_parity_diff,-0.004579931009723904,-0.006519669791567949,-0.0023061183235988485,0.035,True,1385,7733,False,superadditive
healthcare_readmission,unawareness,random_forest,gender,demographic_parity_diff,0.000771721408043704,-0.0005274387453493791,0.0021067088730030497,0.2995,False,10661,9238,False,
healthcare_readmission,unawareness,random_forest,gender,disparate_impact_ratio,1.3958614110995557,0.7853168798311037,2.665040920179607,0.2995,False,10661,9238,False,
healthcare_readmission,unawareness,random_forest,gender,equal_opportunity_diff,-4.1402388187167585e-05,-0.008918561502435841,0.009026532436335711,1.0,False,1243,991,False,
healthcare_readmission,unawareness,random_forest,gender,equalized_odds_diff,0.0007589778974048827,-0.00021171556479942144,0.001774901034818404,0.175,False,9418,8247,False,driven_by_fpr_gap
healthcare_readmission,unawareness,random_forest,gender,predictive_parity_diff,-0.14942528735632177,-0.4195402298850575,0.15517241379310343,0.3715,False,29,18,True,
healthcare_readmission,unawareness,random_forest,gender,accuracy_equality_diff,-0.009874579736040112,-0.01852838304910527,-0.0009907807701776603,0.0265,True,10661,9238,False,
healthcare_readmission,unawareness,random_forest,race,demographic_parity_diff,-0.00020700974544583545,-0.001634035949578809,0.0013096230581526608,0.8615,False,4541,15358,False,
healthcare_readmission,unawareness,random_forest,race,disparate_impact_ratio,0.9141098224537734,0.40284626789854855,1.6424399647735388,0.8615,False,4541,15358,False,
healthcare_readmission,unawareness,random_forest,race,equal_opportunity_diff,0.0036706742334180423,-0.007601894838636966,0.01563157046446329,0.6435,False,467,1767,False,
healthcare_readmission,unawareness,random_forest,race,equalized_odds_diff,0.0036706742334180423,-0.007601894838636966,0.01563157046446329,0.6435,False,467,1767,False,driven_by_tpr_gap
healthcare_readmission,unawareness,random_forest,race,predictive_parity_diff,0.15945945945945939,-0.1945945945945946,0.45945945945945943,0.4855,False,10,37,True,
healthcare_readmission,unawareness,random_forest,race,accuracy_equality_diff,0.012898784838311972,0.002291730301216727,0.023537129578809077,0.0145,True,4541,15358,False,
healthcare_readmission,unawareness,random_forest,age,demographic_parity_diff,-0.002085223008608001,-0.0034283801561697806,-0.0007760649818280318,0.0035,True,9010,10889,False,
healthcare_readmission,unawareness,random_forest,age,disparate_impact_ratio,0.3694686809666787,0.16282868340250692,0.6959657579288728,0.0015,True,9010,10889,False,
healthcare_readmission,unawareness,random_forest,age,equal_opportunity_diff,-0.01524098973461314,-0.02509441462929835,-0.006291596937695964,0.0005,True,1118,1116,False,
healthcare_readmission,unawareness,random_forest,age,equalized_odds_diff,-0.01524098973461314,-0.02509441462929835,-0.006291596937695964,0.0005,True,1118,1116,False,driven_by_tpr_gap
healthcare_readmission,unawareness,random_forest,age,predictive_parity_diff,-0.15656565656565663,-0.4772727272727273,0.1717171717171717,0.4845,False,11,36,True,
healthcare_readmission,unawareness,random_forest,age,accuracy_equality_diff,-0.022441274778720044,-0.03097564858140196,-0.013557948388281811,0.0,True,9010,10889,False,
healthcare_readmission,unawareness,random_forest,gender_x_race,intersectional_demographic_parity_diff,0.0006129105303036902,-0.0014533581981228743,0.002999596473351274,0.6145,False,2632,7329,False,
healthcare_readmission,unawareness,random_forest,gender_x_age,intersectional_demographic_parity_diff,-0.0012368287827215117,-0.0029448614414258963,0.0004714100683744811,0.2065,False,5145,5373,False,
healthcare_readmission,unawareness,random_forest,race_x_age,intersectional_demographic_parity_diff,-0.0015840966629490287,-0.0040626673345654915,0.0014333058984398522,0.4715,False,1385,7733,False,
healthcare_readmission,unawareness,gradient_boosting,gender,demographic_parity_diff,0.0006345754544301268,-0.0007582068404669161,0.002078350365377653,0.398,False,10661,9238,False,
healthcare_readmission,unawareness,gradient_boosting,gender,disparate_impact_ratio,1.2790300175582527,0.7493209811832007,2.3515128949966706,0.398,False,10661,9238,False,
healthcare_readmission,unawareness,gradient_boosting,gender,equal_opportunity_diff,0.004390276770905973,-0.005086811066290093,0.013648987305703056,0.4445,False,1243,991,False,
healthcare_readmission,unawareness,gradient_boosting,gender,equalized_odds_diff,0.004390276770905973,-0.005086811066290093,0.013648987305703056,0.4445,False,1243,991,False,driven_by_tpr_gap
healthcare_readmission,unawareness,gradient_boosting,gender,predictive_parity_diff,0.10445468509984646,-0.1658986175115208,0.37331029185867876,0.5645,False,31,21,True,
healthcare_readmission,unawareness,gradient_boosting,gender,accuracy_equality_diff,-0.008741640640885784,-0.01737309871813864,0.0003720422871327168,0.0555,False,10661,9238,False,
healthcare_readmission,unawareness,gradient_boosting,race,demographic_parity_diff,0.0008940693120304912,-0.0007930235493265494,0.0027864050160223545,0.3105,False,4541,15358,False,
healthcare_readmission,unawareness,gradient_boosting,race,disparate_impact_ratio,1.3709572792505285,0.7046266509159995,2.3791937987992395,0.3965,False,4541,15358,False,
healthcare_readmission,unawareness,gradient_boosting,race,equal_opportunity_diff,0.008519260436094033,-0.0041299629539414615,0.02250214799276285,0.1605,False,467,1767,False,
healthcare_readmission,unawareness,gradient_boosting,race,equalized_odds_diff,0.008519260436094033,-0.0041299629539414615,0.02250214799276285,0.1605,False,467,1767,False,driven_by_tpr_gap
healthcare_readmission,unawareness,gradient_boosting,race,predictive_parity_diff,0.08648648648648649,-0.20900900900900898,0.3801801801801802,0.7555,False,15,37,True,
healthcare_readmission,unawareness,gradient_boosting,race,accuracy_equality_diff,0.012808794316568006,0.002530419907876448,0.023372259156987187,0.019,True,4541,15358,False,
healthcare_readmission,unawareness,gradient_boosting,age,demographic_parity_diff,-0.003355696352324929,-0.004660549512388608,-0.002069995186010299,0.0,True,9010,10889,False,
healthcare_readmission,unawareness,gradient_boosting,age,disparate_impact_ratio,0.1881924931439113,0.06378653698594705,0.37614306704912454,0.0,True,9010,10889,False,
healthcare_readmission,unawareness,gradient_boosting,age,equal_opportunity_diff,-0.019718070543276844,-0.02867708112925667,-0.010760702996261886,0.0,True,1118,1116,False,
healthcare_readmission,unawareness,gradient_boosting,age,equalized_odds_diff,-0.019718070543276844,-0.02867708112925667,-0.010760702996261886,0.0,True,1118,1116,False,driven_by_tpr_gap
healthcare_readmission,unawareness,gradient_boosting,age,predictive_parity_diff,-0.12698412698412703,-0.5111111111111111,0.2698412698412699,0.7005,False,7,45,True,
healthcare_readmission,unawareness,gradient_boosting,age,accuracy_equality_diff,-0.02216576738593834,-0.030829910215983285,-0.013336602711510579,0.0,True,9010,10889,False,
healthcare_readmission,unawareness,gradient_boosting,gender_x_race,intersectional_demographic_parity_diff,0.0016162838969642603,-0.0008777158214380059,0.004441696205397967,0.1775,False,2632,7329,False,superadditive
healthcare_readmission,unawareness,gradient_boosting,gender_x_age,intersectional_demographic_parity_diff,-0.002580877609079845,-0.004264167180791117,-0.0010589607143806714,0.0015,True,5145,5373,False,
healthcare_readmission,unawareness,gradient_boosting,race_x_age,intersectional_demographic_parity_diff,-0.0026940660799676577,-0.004915351760307106,-0.00011767748609854331,0.1555,False,1385,7733,False,
healthcare_readmission,unawareness_proxy_removal,logistic_regression,gender,demographic_parity_diff,0.001031798142763343,0.0004689991558015196,0.0016883969608854704,0.001,True,10661,9238,False,
healthcare_readmission,unawareness_proxy_removal,logistic_regression,gender,disparate_impact_ratio,1032.798142763343,469.99915580151963,1689.3969608854704,0.001,True,10661,9238,False,
healthcare_readmission,unawareness_proxy_removal,logistic_regression,gender,equal_opportunity_diff,0.002413515687851971,0.0,0.0056315366049879325,0.2645,False,1243,991,False,
healthcare_readmission,unawareness_proxy_removal,logistic_regression,gender,equalized_odds_diff,0.002413515687851971,0.0,0.0056315366049879325,0.2645,False,1243,991,False,driven_by_tpr_gap
healthcare_readmission,unawareness_proxy_removal,logistic_regression,gender,predictive_parity_diff,,,,,False,0,0,False,insufficient_data
healthcare_readmission,unawareness_proxy_removal,logistic_regression,gender,accuracy_equality_diff,-0.009787887491133462,-0.018296341934521308,-0.0008035423255441441,0.032,True,10661,9238,False,
healthcare_readmission,unawareness_proxy_removal,logistic_regression,race,demographic_parity_diff,-0.0007162390936319834,-0.0011720276077614273,-0.00032556322437817426,0.076,False,4541,15358,False,
healthcare_readmission,unawareness_proxy_removal,logistic_regression,race,disparate_impact_ratio,0.0013942352123280967,0.0008524948546678895,0.0030621941644046143,0.0565,False,4541,15358,False,
healthcare_readmission,unawareness_proxy_removal,logistic_regression,race,equal_opportunity_diff,-0.001697792869269949,-0.003961516694963215,0.0,0.5825,False,467,1767,False,
healthcare_readmission,unawareness_proxy_removal,logistic_regression,race,equalized_odds_diff,-0.001697792869269949,-0.003961516694963215,0.0,0.5825,False,467,1767,False,driven_by_tpr_gap
healthcare_readmission,unawareness_proxy_removal,logistic_regression,race,predictive_parity_diff,,,,,False,0,0,False,insufficient_data
healthcare_readmission,unawareness_proxy_removal,logistic_regression,race,accuracy_equality_diff,0.01253882275133611,0.001881774435860848,0.02317156136623739,0.021,True,4541,15358,False,
healthcare_readmission,unawareness_proxy_removal,logistic_regression,age,demographic_parity_diff,-0.0010101937735329232,-0.0016530443566902379,-0.00045917898796951054,0.002,True,9010,10889,False,
healthcare_readmission,unawareness_proxy_removal,logistic_regression,age,disparate_impact_ratio,0.0009889301399732574,0.0006045787079138626,0.0021730674936124104,0.0015,True,9010,10889,False,
healthcare_readmission,unawareness_proxy_removal,logistic_regression,age,equal_opportunity_diff,-0.002688172043010753,-0.0062724014336917565,0.0,0.125,False,1118,1116,False,
healthcare_readmission,unawareness_proxy_removal,logistic_regression,age,equalized_odds_diff,-0.002688172043010753,-0.0062724014336917565,0.0,0.125,False,1118,1116,False,driven_by_tpr_gap
healthcare_readmission,unawareness_proxy_removal,logistic_regression,age,predictive_parity_diff,,,,,False,0,0,False,insufficient_data
healthcare_readmission,unawareness_proxy_removal,logistic_regression,age,accuracy_equality_diff,-0.021136421618656365,-0.02983385721867587,-0.012246465417502767,0.0,True,9010,10889,False,
healthcare_readmission,unawareness_proxy_removal,logistic_regression,gender_x_race,intersectional_demographic_parity_diff,0.0,0.0,0.0,1.0,False,2632,7329,False,
healthcare_readmission,unawareness_proxy_removal,logistic_regression,gender_x_age,intersectional_demographic_parity_diff,0.0,0.0,0.0,1.0,False,5145,5373,False,
healthcare_readmission,unawareness_proxy_removal,logistic_regression,race_x_age,intersectional_demographic_parity_diff,-0.001422475106685633,-0.002327686538212854,-0.000646579593948015,0.238,False,1385,7733,False,
healthcare_readmission,unawareness_proxy_removal,random_forest,gender,demographic_parity_diff,-0.00016604336858242586,-0.0008010858929663713,0.00041156554355093063,0.761,False,10661,9238,False,
healthcare_readmission,unawareness_proxy_removal,random_forest,gender,disparate_impact_ratio,0.6937840368206801,0.10934384023285205,3.0234834707546905,0.761,False,10661,9238,False,
healthcare_readmission,unawareness_proxy_removal,random_forest,gender,equal_opportunity_diff,-0.00020457650633659498,-0.0030272452068617556,0.002413515687851971,1.0,False,1243,991,False,
healthcare_readmission,unawareness_proxy_removal,random_forest,gender,equalized_odds_diff,-0.00020457650633659498,-0.0030272452068617556,0.002413515687851971,1.0,False,1243,991,False,driven_by_tpr_gap
healthcare_readmission,unawareness_proxy_removal,random_forest,gender,predictive_parity_diff,0.04999999999999999,-0.55,0.55,1.0,False,4,5,True,
healthcare_readmission,unawareness_proxy_removal,random_forest,gender,accuracy_equality_diff,-0.009181742381718427,-0.01779831869641019,-9.718456527122825e-05,0.0405,True,10661,9238,False,
healthcare_readmission,unawareness_proxy_removal,random_forest,race,demographic_parity_diff,-0.0005860138038807137,-0.0009766896731345227,-0.0002604505795025394,0.1345,False,4541,15358,False,
healthcare_readmission,unawareness_proxy_removal,random_forest,race,disparate_impact_ratio,0.0017035374524228541,0.0010228194359401888,0.0038248146242501908,0.096,False,4541,15358,False,
healthcare_readmission,unawareness_proxy_removal,random_forest,race,equal_opportunity_diff,-0.0011318619128466328,-0.0028296547821165816,0.0,1.0,False,467,1767,False,
healthcare_readmission,unawareness_proxy_removal,random_forest,race,equalized_odds_diff,-0.0011318619128466328,-0.0028296547821165816,0.0,1.0,False,467,1767,False,driven_by_tpr_gap
healthcare_readmission,unawareness_proxy_removal,random_forest,race,predictive_parity_diff,,,,,False,0,0,False,insufficient_data
healthcare_readmission,unawareness_proxy_removal,random_forest,race,accuracy_equality_diff,0.01253882275133611,0.0018877024682782161,0.023128317235459037,0.0215,True,4541,15358,False,
healthcare_readmission,unawareness_proxy_removal,random_forest,age,demographic_parity_diff,-0.0006236985894082645,-0.0011938653687207272,-0.00010706362019160355,0.05,False,9010,10889,False,
healthcare_readmission,unawareness_proxy_removal,random_forest,age,disparate_impact_ratio,0.15222218906458537,0.0008369143722615727,0.6910782983061963,0.05,False,9010,10889,False,
healthcare_readmission,unawareness_proxy_removal,random_forest,age,equal_opportunity_diff,-0.0017921146953405018,-0.004480286738351254,0.0,0.241,False,1118,1116,False,
healthcare_readmission,unawareness_proxy_removal,random_forest,age,equalized_odds_diff,-0.0017921146953405018,-0.004480286738351254,0.0,0.241,False,1118,1116,False,driven_by_tpr_gap
healthcare_readmission,unawareness_proxy_removal,random_forest,age,predictive_parity_diff,-0.25,-0.625,0.0,1.0,False,1,8,True,
healthcare_readmission,unawareness_proxy_removal,random_forest,age,accuracy_equality_diff,-0.021339245207593227,-0.029953803841794097,-0.012448429511030966,0.0,True,9010,10889,False,
healthcare_readmission,unawareness_proxy_removal,random_forest,gender_x_race,intersectional_demographic_parity_diff,-0.0006822213125938054,-0.0013644426251876109,-0.0001364442625187611,0.3355,False,2632,7329,False,
healthcare_readmission,unawareness_proxy_removal,random_forest,gender_x_age,intersectional_demographic_parity_diff,-0.0007362153603564741,-0.0016750418760469012,0.000202611155333953,0.2215,False,5145,5373,False,
healthcare_readmission,unawareness_proxy_removal,random_forest,race_x_age,intersectional_demographic_parity_diff,-0.001034527350316824,-0.001810422863054442,-0.000387947756368809,0.37,False,1385,7733,False,
healthcare_readmission,unawareness_proxy_removal,gradient_boosting,gender,demographic_parity_diff,-0.0005556914007080659,-0.0011113828014161318,-2.8897414968848757e-05,0.062,False,10661,9238,False,
healthcare_readmission,unawareness_proxy_removal,gradient_boosting,gender,disparate_impact_ratio,0.14573575555817353,0.0009229473812092389,0.867136536596349,0.062,False,10661,9238,False,
healthcare_readmission,unawareness_proxy_removal,gradient_boosting,gender,equal_opportunity_diff,-0.0020181634712411706,-0.005045408678102927,0.0,0.2035,False,1243,991,False,
healthcare_readmission,unawareness_proxy_removal,gradient_boosting,gender,equalized_odds_diff,-0.0020181634712411706,-0.005045408678102927,0.0,0.2035,False,1243,991,False,driven_by_tpr_gap
healthcare_readmission,unawareness_proxy_removal,gradient_boosting,gender,predictive_parity_diff,-0.3333333333333333,-0.6666666666666666,0.0,1.0,False,1,6,True,
healthcare_readmission,unawareness_proxy_removal,gradient_boosting,gender,accuracy_equality_diff,-0.009196191089202888,-0.017747980993664498,-0.0003338324111172096,0.0395,True,10661,9238,False,
healthcare_readmission,unawareness_proxy_removal,gradient_boosting,race,demographic_parity_diff,-0.00045578851412944393,-0.0007813517385076181,-0.0001302252897512697,0.2125,False,4541,15358,False,
healthcare_readmission,unawareness_proxy_removal,gradient_boosting,race,disparate_impact_ratio,0.0021891969019970183,0.0012781974536256015,0.007620482316293185,0.1555,False,4541,15358,False,
healthcare_readmission,unawareness_proxy_removal,gradient_boosting,race,equal_opportunity_diff,-0.0011318619128466328,-0.0028296547821165816,0.0,1.0,False,467,1767,False,
healthcare_readmission,unawareness_proxy_removal,gradient_boosting,race,equalized_odds_diff,-0.0011318619128466328,-0.0028296547821165816,0.0,1.0,False,467,1767,False,driven_by_tpr_gap
healthcare_readmission,unawareness_proxy_removal,gradient_boosting,race,predictive_parity_diff,,,,,False,0,0,False,insufficient_data
healthcare_readmission,unawareness_proxy_removal,gradient_boosting,race,accuracy_equality_diff,0.012408597461584847,0.0017856178570560557,0.02304177376939173,0.0225,True,4541,15358,False,
healthcare_readmission,unawareness_proxy_removal,gradient_boosting,age,demographic_parity_diff,-0.00023720340528360598,-0.0007346863807512168,0.0002602795701840049,0.4685,False,9010,10889,False,
healthcare_readmission,unawareness_proxy_removal,gradient_boosting,age,disparate_impact_ratio,0.48454099060402545,0.0015531553844312753,2.4094185406223962,0.4685,False,9010,10889,False,
healthcare_readmission,unawareness_proxy_removal,gradient_boosting,age,equal_opportunity_diff,-1.6029648437750413e-06,-0.002688172043010753,0.0026833631484794273,1.0,False,1118,1116,False,
healthcare_readmission,unawareness_proxy_removal,gradient_boosting,age,equalized_odds_diff,-0.0002825803105040943,-0.0007162590811419216,0.00015109846013373315,0.375,False,7892,9773,False,driven_by_fpr_gap
healthcare_readmission,unawareness_proxy_removal,gradient_boosting,age,predictive_parity_diff,0.3,-0.4,1.0,1.0,False,2,5,True,
healthcare_readmission,unawareness_proxy_removal,gradient_boosting,age,accuracy_equality_diff,-0.021320093213844205,-0.029926650615957187,-0.01252150573199094,0.0,True,9010,10889,False,
healthcare_readmission,unawareness_proxy_removal,gradient_boosting,gender_x_race,intersectional_demographic_parity_diff,-0.0008186655751125665,-0.0015008868877063718,-0.0002728885250375222,0.2095,False,2632,7329,False,
healthcare_readmission,unawareness_proxy_removal,gradient_boosting,gender_x_age,intersectional_demographic_parity_diff,-0.000744463056020845,-0.001493579006141812,-0.00018611576400521124,0.1255,False,5145,5373,False,
healthcare_readmission,unawareness_proxy_removal,gradient_boosting,race_x_age,intersectional_demographic_parity_diff,-0.000646579593948015,-0.00129315918789603,-0.000129315918789603,0.6145,False,1385,7733,False,
healthcare_readmission,in_processing,logistic_regression,gender,demographic_parity_diff,0.001031798142763343,0.0004689991558015196,0.0016883969608854704,0.001,True,10661,9238,False,
healthcare_readmission,in_processing,logistic_regression,gender,disparate_impact_ratio,1032.798142763343,469.99915580151963,1689.3969608854704,0.001,True,10661,9238,False,
healthcare_readmission,in_processing,logistic_regression,gender,equal_opportunity_diff,0.002413515687851971,0.0,0.0056315366049879325,0.2645,False,1243,991,False,
healthcare_readmission,in_processing,logistic_regression,gender,equalized_odds_diff,0.002413515687851971,0.0,0.0056315366049879325,0.2645,False,1243,991,False,driven_by_tpr_gap
healthcare_readmission,in_processing,logistic_regression,gender,predictive_parity_diff,,,,,False,0,0,False,insufficient_data
healthcare_readmission,in_processing,logistic_regression,gender,accuracy_equality_diff,-0.009787887491133462,-0.018296341934521308,-0.0008035423255441441,0.032,True,10661,9238,False,
healthcare_readmission,in_processing,logistic_regression,race,demographic_parity_diff,-0.0007162390936319834,-0.0011720276077614273,-0.00032556322437817426,0.076,False,4541,15358,False,
healthcare_readmission,in_processing,logistic_regression,race,disparate_impact_ratio,0.0013942352123280967,0.0008524948546678895,0.0030621941644046143,0.0565,False,4541,15358,False,
healthcare_readmission,in_processing,logistic_regression,race,equal_opportunity_diff,-0.001697792869269949,-0.003961516694963215,0.0,0.5825,False,467,1767,False,
healthcare_readmission,in_processing,logistic_regression,race,equalized_odds_diff,-0.001697792869269949,-0.003961516694963215,0.0,0.5825,False,467,1767,False,driven_by_tpr_gap
healthcare_readmission,in_processing,logistic_regression,race,predictive_parity_diff,,,,,False,0,0,False,insufficient_data
healthcare_readmission,in_processing,logistic_regression,race,accuracy_equality_diff,0.01253882275133611,0.001881774435860848,0.02317156136623739,0.021,True,4541,15358,False,
healthcare_readmission,in_processing,logistic_regression,age,demographic_parity_diff,-0.0010101937735329232,-0.0016530443566902379,-0.00045917898796951054,0.002,True,9010,10889,False,
healthcare_readmission,in_processing,logistic_regression,age,disparate_impact_ratio,0.0009889301399732574,0.0006045787079138626,0.0021730674936124104,0.0015,True,9010,10889,False,
healthcare_readmission,in_processing,logistic_regression,age,equal_opportunity_diff,-0.002688172043010753,-0.0062724014336917565,0.0,0.125,False,1118,1116,False,
healthcare_readmission,in_processing,logistic_regression,age,equalized_odds_diff,-0.002688172043010753,-0.0062724014336917565,0.0,0.125,False,1118,1116,False,driven_by_tpr_gap
healthcare_readmission,in_processing,logistic_regression,age,predictive_parity_diff,,,,,False,0,0,False,insufficient_data
healthcare_readmission,in_processing,logistic_regression,age,accuracy_equality_diff,-0.021136421618656365,-0.02983385721867587,-0.012246465417502767,0.0,True,9010,10889,False,
healthcare_readmission,in_processing,logistic_regression,gender_x_race,intersectional_demographic_parity_diff,0.0,0.0,0.0,1.0,False,2632,7329,False,
healthcare_readmission,in_processing,logistic_regression,gender_x_age,intersectional_demographic_parity_diff,0.0,0.0,0.0,1.0,False,5145,5373,False,
healthcare_readmission,in_processing,logistic_regression,race_x_age,intersectional_demographic_parity_diff,-0.001422475106685633,-0.002327686538212854,-0.000646579593948015,0.238,False,1385,7733,False,
healthcare_readmission,in_processing,random_forest,gender,demographic_parity_diff,-0.00011558965987539503,-0.0009382318465799482,0.0006781551118603093,0.7955,False,10661,9238,False,
healthcare_readmission,in_processing,random_forest,gender,disparate_impact_ratio,0.8666767952295962,0.2893852659774656,2.812014383622408,0.7955,False,10661,9238,False,
healthcare_readmission,in_processing,random_forest,gender,equal_opportunity_diff,-0.001418234748293775,-0.006054490413723511,0.002400059911691139,0.6745,False,1243,991,False,
healthcare_readmission,in_processing,random_forest,gender,equalized_odds_diff,-0.001418234748293775,-0.006054490413723511,0.002400059911691139,0.6745,False,1243,991,False,driven_by_tpr_gap
healthcare_readmission,in_processing,random_forest,gender,predictive_parity_diff,-0.125,-0.5,0.25,1.0,False,8,8,True,
healthcare_readmission,in_processing,random_forest,gender,accuracy_equality_diff,-0.009477590582683826,-0.01811008129068241,-0.0005861834534214502,0.0395,True,10661,9238,False,
healthcare_readmission,in_processing,random_forest,race,demographic_parity_diff,-0.00047114540526835714,-0.0012122623757687013,0.0004097178407127043,0.3835,False,4541,15358,False,
healthcare_readmission,in_processing,random_forest,race,disparate_impact_ratio,0.48371984974544147,0.0009025963485458255,1.689283913388505,0.3035,False,4541,15358,False,
healthcare_readmission,in_processing,random_forest,race,equal_opportunity_diff,-0.0028296547821165816,-0.005659309564233163,-0.0005659309564233164,0.3635,False,467,1767,False,
healthcare_readmission,in_processing,random_forest,race,equalized_odds_diff,-0.0028296547821165816,-0.005659309564233163,-0.0005659309564233164,0.3635,False,467,1767,False,driven_by_tpr_gap
healthcare_readmission,in_processing,random_forest,race,predictive_parity_diff,-0.35714285714285715,-0.6428571428571429,-0.14285714285714285,0.5655,False,2,14,True,
healthcare_readmission,in_processing,random_forest,race,accuracy_equality_diff,0.012033278483469911,0.0014361428347456208,0.0227094763116585,0.028,True,4541,15358,False,
healthcare_readmission,in_processing,random_forest,age,demographic_parity_diff,-0.0008609019946918704,-0.0016147403691921375,-0.0001792686241927318,0.0415,True,9010,10889,False,
healthcare_readmission,in_processing,random_forest,age,disparate_impact_ratio,0.2794987475337175,0.0008369143722615727,0.7693031343367326,0.0415,True,9010,10889,False,
healthcare_readmission,in_processing,random_forest,age,equal_opportunity_diff,-0.004480286738351254,-0.008960573476702509,-0.0008960573476702509,0.0265,True,1118,1116,False,
healthcare_readmission,in_processing,random_forest,age,equalized_odds_diff,-0.004480286738351254,-0.008960573476702509,-0.0008960573476702509,0.0265,True,1118,1116,False,driven_by_tpr_gap
healthcare_readmission,in_processing,random_forest,age,predictive_parity_diff,-0.38461538461538464,-0.6923076923076923,-0.15384615384615385,0.5175,False,3,13,True,
healthcare_readmission,in_processing,random_forest,age,accuracy_equality_diff,-0.021653056587873087,-0.030329582216430957,-0.012716273048517327,0.0,True,9010,10889,False,
healthcare_readmission,in_processing,random_forest,gender_x_race,intersectional_demographic_parity_diff,-0.0005751706279048838,-0.0015329567326534297,0.0005940405791042869,0.476,False,2632,7329,False,
healthcare_readmission,in_processing,random_forest,gender_x_age,intersectional_demographic_parity_diff,-0.0009223311243616853,-0.0018611576400521124,1.649539132874176e-05,0.125,False,5145,5373,False,
healthcare_readmission,in_processing,random_forest,race_x_age,intersectional_demographic_parity_diff,-0.001422475106685633,-0.002327686538212854,-0.000646579593948015,0.225,False,1385,7733,False,superadditive
healthcare_readmission,in_processing,gradient_boosting,gender,demographic_parity_diff,-0.0005556914007080659,-0.0011113828014161318,-2.8897414968848757e-05,0.062,False,10661,9238,False,
healthcare_readmission,in_processing,gradient_boosting,gender,disparate_impact_ratio,0.14573575555817353,0.0009229473812092389,0.867136536596349,0.062,False,10661,9238,False,
healthcare_readmission,in_processing,gradient_boosting,gender,equal_opportunity_diff,-0.0020181634712411706,-0.005045408678102927,0.0,0.2035,False,1243,991,False,
healthcare_readmission,in_processing,gradient_boosting,gender,equalized_odds_diff,-0.0020181634712411706,-0.005045408678102927,0.0,0.2035,False,1243,991,False,driven_by_tpr_gap
healthcare_readmission,in_processing,gradient_boosting,gender,predictive_parity_diff,-0.3333333333333333,-0.6666666666666666,0.0,1.0,False,1,6,True,
healthcare_readmission,in_processing,gradient_boosting,gender,accuracy_equality_diff,-0.009196191089202888,-0.017747980993664498,-0.0003338324111172096,0.0395,True,10661,9238,False,
healthcare_readmission,in_processing,gradient_boosting,race,demographic_parity_diff,-0.00045578851412944393,-0.0007813517385076181,-0.0001302252897512697,0.2125,False,4541,15358,False,
healthcare_readmission,in_processing,gradient_boosting,race,disparate_impact_ratio,0.0021891969019970183,0.0012781974536256015,0.007620482316293185,0.1555,False,4541,15358,False,
healthcare_readmission,in_processing,gradient_boosting,race,equal_opportunity_diff,-0.0011318619128466328,-0.0028296547821165816,0.0,1.0,False,467,1767,False,
healthcare_readmission,in_processing,gradient_boosting,race,equalized_odds_diff,-0.0011318619128466328,-0.0028296547821165816,0.0,1.0,False,467,1767,False,driven_by_tpr_gap
healthcare_readmission,in_processing,gradient_boosting,race,predictive_parity_diff,,,,,False,0,0,False,insufficient_data
healthcare_readmission,in_processing,gradient_boosting,race,accuracy_equality_diff,0.012408597461584847,0.0017856178570560557,0.02304177376939173,0.0225,True,4541,15358,False,
healthcare_readmission,in_processing,gradient_boosting,age,demographic_parity_diff,-0.00023720340528360598,-0.0007346863807512168,0.0002602795701840049,0.4685,False,9010,10889,False,
healthcare_readmission,in_processing,gradient_boosting,age,disparate_impact_ratio,0.48454099060402545,0.0015531553844312753,2.4094185406223962,0.4685,False,9010,10889,False,
healthcare_readmission,in_processing,gradient_boosting,age,equal_opportunity_diff,-1.6029648437750413e-06,-0.002688172043010753,0.0026833631484794273,1.0,False,1118,1116,False,
healthcare_readmission,in_processing,gradient_boosting,age,equalized_odds_diff,-0.0002825803105040943,-0.0007162590811419216,0.00015109846013373315,0.375,False,7892,9773,False,driven_by_fpr_gap
healthcare_readmission,in_processing,gradient_boosting,age,predictive_parity_diff,0.3,-0.4,1.0,1.0,False,2,5,True,
healthcare_readmission,in_processing,gradient_boosting,age,accuracy_equality_diff,-0.021320093213844205,-0.029926650615957187,-0.01252150573199094,0.0,True,9010,10889,False,
healthcare_readmission,in_processing,gradient_boosting,gender_x_race,intersectional_demographic_parity_diff,-0.0008186655751125665,-0.0015008868877063718,-0.0002728885250375222,0.2095,False,2632,7329,False,
healthcare_readmission,in_processing,gradient_boosting,gender_x_age,intersectional_demographic_parity_diff,-0.000744463056020845,-0.001493579006141812,-0.00018611576400521124,0.1255,False,5145,5373,False,
healthcare_readmission,in_processing,gradient_boosting,race_x_age,intersectional_demographic_parity_diff,-0.000646579593948015,-0.00129315918789603,-0.000129315918789603,0.6145,False,1385,7733,False,
healthcare_readmission,post_processing,logistic_regression,gender,demographic_parity_diff,0.00025960966476582057,-0.0006134862306457634,0.001118618070380089,0.658,False,10661,9238,False,
healthcare_readmission,post_processing,logistic_regression,gender,disparate_impact_ratio,1.2994384837991642,0.5416346787414098,3.749963677000636,0.658,False,10661,9238,False,
healthcare_readmission,post_processing,logistic_regression,gender,equal_opportunity_diff,0.00039535221661080033,-0.0036409747258715403,0.004022526146419952,1.0,False,1243,991,False,
healthcare_readmission,post_processing,logistic_regression,gender,equalized_odds_diff,0.00039535221661080033,-0.0036409747258715403,0.004022526146419952,1.0,False,1243,991,False,driven_by_tpr_gap
healthcare_readmission,post_processing,logistic_regression,gender,predictive_parity_diff,0.0,-0.4166666666666667,0.375,1.0,False,12,8,True,
healthcare_readmission,post_processing,logistic_regression,gender,accuracy_equality_diff,-0.009448693167714906,-0.018136740577508487,-0.0006152979036134618,0.039,True,10661,9238,False,
healthcare_readmission,post_processing,logistic_regression,race,demographic_parity_diff,-0.0007315959847708966,-0.0015378256001468754,0.00017452906035699646,0.196,False,4541,15358,False,
healthcare_readmission,post_processing,logistic_regression,race,disparate_impact_ratio,0.3763181872871231,0.0006976039181375111,1.1938524556112484,0.154,False,4541,15358,False,
healthcare_readmission,post_processing,logistic_regression,race,equal_opportunity_diff,-0.0028296547821165816,-0.005659309564233163,-0.0005659309564233164,0.3575,False,467,1767,False,
healthcare_readmission,post_processing,logistic_regression,race,equalized_odds_diff,-0.0028296547821165816,-0.005659309564233163,-0.0005659309564233164,0.3575,False,467,1767,False,driven_by_tpr_gap
healthcare_readmission,post_processing,logistic_regression,race,predictive_parity_diff,-0.2777777777777778,-0.5,-0.1111111111111111,1.0,False,2,18,True,
healthcare_readmission,post_processing,logistic_regression,race,accuracy_equality_diff,0.012293729062972436,0.0015814869909925005,0.022857822661259436,0.0225,True,4541,15358,False,
healthcare_readmission,post_processing,logistic_regression,age,demographic_parity_diff,-0.0016338923629411878,-0.0024795665350353566,-0.0008609019946918704,0.0,True,9010,10889,False,
healthcare_readmission,post_processing,logistic_regression,age,disparate_impact_ratio,0.06414403134610945,0.00041863236585262424,0.2422592812324588,0.0,True,9010,10889,False,
healthcare_readmission,post_processing,logistic_regression,age,equal_opportunity_diff,-0.002689775007854528,-0.007168458781362007,0.0008928514179827008,0.2185,False,1118,1116,False,
healthcare_readmission,post_processing,logistic_regression,age,equalized_odds_diff,-0.002689775007854528,-0.007168458781362007,0.0008928514179827008,0.2185,False,1118,1116,False,driven_by_tpr_gap
healthcare_readmission,post_processing,logistic_regression,age,predictive_parity_diff,0.7894736842105263,0.5789473684210527,0.9473684210526316,0.268,False,1,19,True,
healthcare_readmission,post_processing,logistic_regression,age,accuracy_equality_diff,-0.02047441904174996,-0.029027079736813503,-0.011526278849155854,0.0,True,9010,10889,False,
healthcare_readmission,post_processing,logistic_regression,gender_x_race,intersectional_demographic_parity_diff,-0.0008186655751125665,-0.0015008868877063718,-0.0002728885250375222,0.1915,False,2632,7329,False,
healthcare_readmission,post_processing,logistic_regression,gender_x_age,intersectional_demographic_parity_diff,-0.0013028103480364787,-0.002233389168062535,-0.0003722315280104225,0.011,True,5145,5373,False,
healthcare_readmission,post_processing,logistic_regression,race_x_age,intersectional_demographic_parity_diff,-0.002198370619423251,-0.003232897969740075,-0.001163843269106427,0.099,False,1385,7733,False,
healthcare_readmission,post_processing,random_forest,gender,demographic_parity_diff,8.645870992963708e-05,-0.0007654421094308748,0.0008802034816653415,1.0,False,10661,9238,False,
healthcare_readmission,post_processing,random_forest,gender,disparate_impact_ratio,1.1139504126311572,0.36154268916099747,3.8860222444180272,1.0,False,10661,9238,False,
healthcare_readmission,post_processing,random_forest,gender,equal_opportunity_diff,-0.0006137295190097847,-0.005249985184439521,0.003613373133746762,1.0,False,1243,991,False,
healthcare_readmission,post_processing,random_forest,gender,equalized_odds_diff,-0.0006137295190097847,-0.005249985184439521,0.003613373133746762,1.0,False,1243,991,False,driven_by_tpr_gap
healthcare_readmission,post_processing,random_forest,gender,predictive_parity_diff,-0.09523809523809523,-0.6031746031746033,0.38095238095238093,1.0,False,9,7,True,
healthcare_readmission,post_processing,random_forest,gender,accuracy_equality_diff,-0.009492039290168286,-0.018110126474623584,-0.0004794414692201044,0.037,True,10661,9238,False,
healthcare_readmission,post_processing,random_forest,race,demographic_parity_diff,-0.00018581694889745692,-0.0009766896731345227,0.0007352810650908785,0.7815,False,4541,15358,False,
healthcare_readmission,post_processing,random_forest,race,disparate_impact_ratio,0.7807377483456741,0.0011799905926521575,2.252578832439678,0.7815,False,4541,15358,False,
healthcare_readmission,post_processing,random_forest,race,equal_opportunity_diff,-0.0006883271589902431,-0.004527447651386531,0.0047261900001090654,1.0,False,467,1767,False,
healthcare_readmission,post_processing,random_forest,race,equalized_odds_diff,-0.0006883271589902431,-0.004527447651386531,0.0047261900001090654,1.0,False,467,1767,False,driven_by_tpr_gap
healthcare_readmission,post_processing,random_forest,race,predictive_parity_diff,-0.05128205128205132,-0.5384615384615384,0.5384615384615384,1.0,False,3,13,True,
healthcare_readmission,post_processing,random_forest,race,accuracy_equality_diff,0.012188381650089508,0.0017361922549706207,0.022984124846047456,0.0225,True,4541,15358,False,
healthcare_readmission,post_processing,random_forest,age,demographic_parity_diff,-0.0008609019946918704,-0.0016343711627849133,-0.00010706362019160355,0.0405,True,9010,10889,False,
healthcare_readmission,post_processing,random_forest,age,disparate_impact_ratio,0.2794987475337175,0.0009065940081537677,0.8461497694694099,0.0405,True,9010,10889,False,
healthcare_readmission,post_processing,random_forest,age,equal_opportunity_diff,-0.005376344086021506,-0.00985663082437276,-0.0017921146953405018,0.019,True,1118,1116,False,
healthcare_readmission,post_processing,random_forest,age,equalized_odds_diff,-0.005376344086021506,-0.00985663082437276,-0.0017921146953405018,0.019,True,1118,1116,False,driven_by_tpr_gap
healthcare_readmission,post_processing,random_forest,age,predictive_parity_diff,-0.46153846153846156,-0.6923076923076923,-0.23076923076923078,0.2455,False,3,13,True,
healthcare_readmission,post_processing,random_forest,age,accuracy_equality_diff,-0.021836728183060927,-0.030562370929169337,-0.012959333151836276,0.0,True,9010,10889,False,
healthcare_readmission,post_processing,random_forest,gender_x_race,intersectional_demographic_parity_diff,-0.0003022821028673617,-0.0012279983626688497,0.0007304848416230479,0.6865,False,2632,7329,False,superadditive
healthcare_readmission,post_processing,random_forest,gender_x_age,intersectional_demographic_parity_diff,-0.0007279676646921032,-0.0018366207454506088,0.00023560193799143647,0.302,False,5145,5373,False,
healthcare_readmission,post_processing,random_forest,race_x_age,intersectional_demographic_parity_diff,-0.00129315918789603,-0.002069054700633648,-0.000517263675158412,0.2255,False,1385,7733,False,superadditive
healthcare_readmission,post_processing,gradient_boosting,gender,demographic_parity_diff,-0.000671281060583461,-0.0016455179083860157,0.00025960966476582057,0.2115,False,10661,9238,False,
healthcare_readmission,post_processing,gradient_boosting,gender,disparate_impact_ratio,0.5573424880303973,0.2043201089334837,1.2601783560444602,0.2115,False,10661,9238,False,
healthcare_readmission,post_processing,gradient_boosting,gender,equal_opportunity_diff,-0.0016228112546303702,-0.006463643426396702,0.0030134444107993664,0.708,False,1243,991,False,
healthcare_readmission,post_processing,gradient_boosting,gender,equalized_odds_diff,-0.0016228112546303702,-0.006463643426396702,0.0030134444107993664,0.708,False,1243,991,False,driven_by_tpr_gap
healthcare_readmission,post_processing,gradient_boosting,gender,predictive_parity_diff,0.047619047619047616,-0.31825396825396685,0.45238095238095233,1.0,False,9,14,True,
healthcare_readmission,post_processing,gradient_boosting,gender,accuracy_equality_diff,-0.008950796596944643,-0.01759646883133548,-2.2401842659990144e-05,0.0495,True,10661,9238,False,
healthcare_readmission,post_processing,gradient_boosting,race,demographic_parity_diff,-0.0009269339193978012,-0.001758425333920613,-7.09485502851004e-05,0.138,False,4541,15358,False,
healthcare_readmission,post_processing,gradient_boosting,race,disparate_impact_ratio,0.3225977338044192,0.0006139428426329138,0.9395167259358059,0.0735,False,4541,15358,False,
healthcare_readmission,post_processing,gradient_boosting,race,equal_opportunity_diff,-0.003961516694963215,-0.006791171477079796,-0.0011318619128466328,0.3455,False,467,1767,False,
healthcare_readmission,post_processing,gradient_boosting,race,equalized_odds_diff,-0.003961516694963215,-0.006791171477079796,-0.0011318619128466328,0.3455,False,467,1767,False,driven_by_tpr_gap
healthcare_readmission,post_processing,gradient_boosting,race,predictive_parity_diff,-0.3333333333333333,-0.5238095238095238,-0.14285714285714285,0.544,False,2,21,True,
healthcare_readmission,post_processing,gradient_boosting,race,accuracy_equality_diff,0.012228616418096805,0.0015747911140181884,0.022861976979919797,0.0225,True,4541,15358,False,
healthcare_readmission,post_processing,gradient_boosting,age,demographic_parity_diff,-0.0010981053999754766,-0.002036094169507273,-0.0002141272403832071,0.0405,True,9010,10889,False,
healthcare_readmission,post_processing,gradient_boosting,age,disparate_impact_ratio,0.33610885612959124,0.08703480984921139,0.805873526886083,0.0275,True,9010,10889,False,
healthcare_readmission,post_processing,gradient_boosting,age,equal_opportunity_diff,-0.00448188970319503,-0.008962176441546283,-4.8088945313255575e-06,0.0645,False,1118,1116,False,
healthcare_readmission,post_processing,gradient_boosting,age,equalized_odds_diff,-0.00448188970319503,-0.008962176441546283,-4.8088945313255575e-06,0.0645,False,1118,1116,False,driven_by_tpr_gap
healthcare_readmission,post_processing,gradient_boosting,age,predictive_parity_diff,-0.1333333333333333,-0.5,0.3222222222222222,0.654,False,5,18,True,
healthcare_readmission,post_processing,gradient_boosting,age,accuracy_equality_diff,-0.021377549195091383,-0.030171276565491983,-0.012598200089715733,0.0,True,9010,10889,False,
healthcare_readmission,post_processing,gradient_boosting,gender_x_race,intersectional_demographic_parity_diff,-0.0011503412558097675,-0.0025167253086688522,0.00039880916092584705,0.259,False,2632,7329,False,
healthcare_readmission,post_processing,gradient_boosting,gender_x_age,intersectional_demographic_parity_diff,-0.0016667941803825304,-0.002969604528419009,-0.0005336042050225211,0.0155,True,5145,5373,False,
healthcare_readmission,post_processing,gradient_boosting,race_x_age,intersectional_demographic_parity_diff,-0.002069054700633648,-0.003103582050950472,-0.001163843269106427,0.1485,False,1385,7733,False,superadditive
insurance_denial,baseline,logistic_regression,age,demographic_parity_diff,-0.023848587835462343,-0.14602132895816244,0.09785538497597568,0.702,False,106,161,False,
insurance_denial,baseline,logistic_regression,age,disparate_impact_ratio,0.9326383895387692,0.6435643261537806,1.336602689724245,0.702,False,106,161,False,
insurance_denial,baseline,logistic_regression,age,equal_opportunity_diff,0.04059672291513816,-0.13475177304964536,0.2193690388848129,0.702,False,47,87,False,
insurance_denial,baseline,logistic_regression,age,equalized_odds_diff,0.04059672291513816,-0.13475177304964536,0.2193690388848129,0.702,False,47,87,False,driven_by_tpr_gap
insurance_denial,baseline,logistic_regression,age,predictive_parity_diff,-0.05513784461152882,-0.1979949874686716,0.08320802005012529,0.494,False,35,57,False,
insurance_denial,baseline,logistic_regression,age,accuracy_equality_diff,0.040900035157623416,-0.0619477323332942,0.14626743232157507,0.466,False,106,161,False,
insurance_denial,baseline,logistic_regression,gender,demographic_parity_diff,-0.017562563124228436,-0.12984373246549205,0.09460357984513522,0.8035,False,134,133,False,
insurance_denial,baseline,logistic_regression,gender,disparate_impact_ratio,0.9503018237092566,0.6741771060005093,1.314440176693661,0.8035,False,134,133,False,
insurance_denial,baseline,logistic_regression,gender,equal_opportunity_diff,0.018270944741533013,-0.14396167557932257,0.18404634581105173,0.867,False,66,68,False,
insurance_denial,baseline,logistic_regression,gender,equalized_odds_diff,-0.03348416289592761,-0.1244343891402715,0.056787330316742074,0.528,False,68,65,False,driven_by_fpr_gap
insurance_denial,baseline,logistic_regression,gender,predictive_parity_diff,0.03877068557919616,-0.0926713947990544,0.16926713947990546,0.743,False,45,47,False,
insurance_denial,baseline,logistic_regression,gender,accuracy_equality_diff,0.03170239030411859,-0.06604898440130172,0.12933453035574005,0.565,False,134,133,False,
insurance_denial,baseline,logistic_regression,age_x_gender,intersectional_demographic_parity_diff,-0.050000000000000044,-0.24098484848484836,0.1575757575757576,0.657,False,33,60,False,superadditive
insurance_denial,baseline,random_forest,age,demographic_parity_diff,-0.10482831360600026,-0.22032696589710538,0.017350287120590648,0.088,False,106,161,False,
insurance_denial,baseline,random_forest,age,disparate_impact_ratio,0.7480997323190605,0.5265224232571031,1.047494988524809,0.088,False,106,161,False,
insurance_denial,baseline,random_forest,age,equal_opportunity_diff,-0.005380288579114656,-0.17730496453900707,0.16825629738322323,1.0,False,47,87,False,
insurance_denial,baseline,random_forest,age,equalized_odds_diff,-0.09780119102153001,-0.19926706367384334,-0.002977553825011456,0.078,False,59,74,False,driven_by_fpr_gap
insurance_denial,baseline,random_forest,age,predictive_parity_diff,0.07327001356852103,-0.061962912709181306,0.2080506558118499,0.3805,False,33,67,False,
insurance_denial,baseline,random_forest,age,accuracy_equality_diff,0.07219031993437253,-0.034102894644322035,0.16956961209422214,0.1985,False,106,161,False,
insurance_denial,baseline,random_forest,gender,demographic_parity_diff,0.0271574458534396,-0.08579564583099507,0.14723375603187072,0.7165,False,134,133,False,
insurance_denial,baseline,random_forest,gender,disparate_impact_ratio,1.0752485477177212,0.7825098836255198,1.4891225391408205,0.7165,False,134,133,False,
insurance_denial,baseline,random_forest,gender,equal_opportunity_diff,-0.040552584670231706,-0.2036653297682709,0.12299465240641705,0.724,False,66,68,False,
insurance_denial,baseline,random_forest,gender,equalized_odds_diff,0.11561085972850679,0.02466063348416289,0.21787330316742082,0.045,True,68,65,False,driven_by_fpr_gap
insurance_denial,baseline,random_forest,gender,predictive_parity_diff,-0.14903846153846156,-0.28525641025641024,-0.014383012820512988,0.038,True,52,48,False,
insurance_denial,baseline,random_forest,gender,accuracy_equality_diff,-0.07316799461339918,-0.17759370441027936,0.02395915161036921,0.1865,False,134,133,False,
insurance_denial,baseline,random_forest,age_x_gender,intersectional_demographic_parity_diff,-0.11363636363636365,-0.31212121212121213,0.09090909090909094,0.3705,False,33,60,False,
insurance_denial,baseline,gradient_boosting,age,demographic_parity_diff,-0.09562873549748035,-0.21388140161725067,0.023612738778858278,0.115,False,106,161,False,
insurance_denial,baseline,gradient_boosting,age,disparate_impact_ratio,0.7594345674365672,0.5220943392602149,1.0688788893080794,0.115,False,106,161,False,
insurance_denial,baseline,gradient_boosting,age,equal_opportunity_diff,-0.04793348006847642,-0.22157006603081442,0.13552824651504006,0.709,False,47,87,False,
insurance_denial,baseline,gradient_boosting,age,equalized_odds_diff,-0.04793348006847642,-0.22157006603081442,0.13552824651504006,0.709,False,47,87,False,driven_by_tpr_gap
insurance_denial,baseline,gradient_boosting,age,predictive_parity_diff,0.0,-0.140625,0.125,1.0,False,32,64,False,
insurance_denial,baseline,gradient_boosting,age,accuracy_equality_diff,0.02525489276924886,-0.08127856556896762,0.1225887729989453,0.6565,False,106,161,False,
insurance_denial,baseline,gradient_boosting,gender,demographic_parity_diff,0.042251150263719006,-0.07782936819661089,0.16199220065088094,0.5235,False,134,133,False,
insurance_denial,baseline,gradient_boosting,gender,disparate_impact_ratio,1.1248752528148,0.798335235101232,1.5674300857083645,0.5235,False,134,133,False,
insurance_denial,baseline,gradient_boosting,gender,equal_opportunity_diff,0.018716577540106916,-0.13101604278074874,0.1827094474153298,0.8615,False,66,68,False,
insurance_denial,baseline,gradient_boosting,gender,equalized_odds_diff,0.08619909502262443,-0.004072398190045248,0.18914027149321266,0.1395,False,68,65,False,driven_by_fpr_gap
insurance_denial,baseline,gradient_boosting,gender,predictive_parity_diff,-0.1098039215686275,-0.24705882352941178,0.018300653594771288,0.1435,False,51,45,False,
insurance_denial,baseline,gradient_boosting,gender,accuracy_equality_diff,-0.028223543934463025,-0.13303781842666362,0.06918555717652335,0.6655,False,134,133,False,
insurance_denial,baseline,gradient_boosting,age_x_gender,intersectional_demographic_parity_diff,-0.06666666666666671,-0.2787878787878788,0.14393939393939392,0.668,False,33,60,False,
insurance_denial,unawareness,logistic_regression,age,demographic_parity_diff,0.0012305168170631542,-0.11771944216570962,0.12270010547287008,1.0,False,106,161,False,
insurance_denial,unawareness,logistic_regression,age,disparate_impact_ratio,1.0035377256780953,0.702760500237863,1.417608568782425,1.0,False,106,161,False,
insurance_denial,unawareness,logistic_regression,age,equal_opportunity_diff,0.029102470041574957,-0.14628882367326962,0.20616287600880412,0.853,False,47,87,False,
insurance_denial,unawareness,logistic_regression,age,equalized_odds_diff,0.07810352725606963,-0.01328447091158956,0.1832340815391663,0.114,False,59,74,False,driven_by_fpr_gap
insurance_denial,unawareness,logistic_regression,age,predictive_parity_diff,-0.13561776061776054,-0.27945222007722,-0.0004826254826254539,0.0485,True,37,56,False,
insurance_denial,unawareness,logistic_regression,age,accuracy_equality_diff,0.0033985702566506903,-0.10289464432204387,0.10648072190319931,1.0,False,106,161,False,
insurance_denial,unawareness,logistic_regression,gender,demographic_parity_diff,-0.0700258107956458,-0.1897093479968578,0.04208422174840086,0.2555,False,134,133,False,
insurance_denial,unawareness,logistic_regression,gender,disparate_impact_ratio,0.8173841461193662,0.5697909987817606,1.1192438670745952,0.2555,False,134,133,False,
insurance_denial,unawareness,logistic_regression,gender,equal_opportunity_diff,-0.026292335115864485,-0.1780637254901956,0.13948306595365423,0.86,False,66,68,False,
insurance_denial,unawareness,logistic_regression,gender,equalized_odds_diff,-0.09366515837104072,-0.18529411764705883,-0.0033936651583710425,0.053,False,68,65,False,driven_by_fpr_gap
insurance_denial,unawareness,logistic_regression,gender,predictive_parity_diff,0.10924369747899154,-0.0056022408963586345,0.23529411764705888,0.1035,False,42,51,False,
insurance_denial,unawareness,logistic_regression,gender,accuracy_equality_diff,0.03916507687128268,-0.06565060038155085,0.14398215688474922,0.467,False,134,133,False,
insurance_denial,unawareness,logistic_regression,age_x_gender,intersectional_demographic_parity_diff,-0.09696969696969698,-0.29393939393939394,0.1106060606060606,0.3625,False,33,60,False,superadditive
insurance_denial,unawareness,random_forest,age,demographic_parity_diff,-0.07353802882925115,-0.19202507910465255,0.04892036798312407,0.244,False,106,161,False,
insurance_denial,unawareness,random_forest,age,disparate_impact_ratio,0.8178524105269611,0.5753142430370247,1.1391505700088638,0.244,False,106,161,False,
insurance_denial,unawareness,random_forest,age,equal_opportunity_diff,-0.005380288579114656,-0.17440083149914395,0.17172291513817542,1.0,False,47,87,False,
insurance_denial,unawareness,random_forest,age,equalized_odds_diff,-0.036875858909757225,-0.14498396701786534,0.06459001374255612,0.5745,False,59,74,False,driven_by_fpr_gap
insurance_denial,unawareness,random_forest,age,predictive_parity_diff,-0.004395604395604491,-0.15164835164835166,0.1297252747252744,1.0,False,35,65,False,
insurance_denial,unawareness,random_forest,age,accuracy_equality_diff,0.040900035157623416,-0.06241064104066574,0.14421071135591232,0.464,False,106,161,False,
insurance_denial,unawareness,random_forest,gender,demographic_parity_diff,-0.047749971944787306,-0.16760184042195037,0.0720457861070587,0.448,False,134,133,False,
insurance_denial,unawareness,random_forest,gender,disparate_impact_ratio,0.8801748993977673,0.6315795914934571,1.208358316912595,0.448,False,134,133,False,
insurance_denial,unawareness,random_forest,gender,equal_opportunity_diff,-0.10026737967914434,-0.25001114081996434,0.06417112299465233,0.2815,False,66,68,False,
insurance_denial,unawareness,random_forest,gender,equalized_odds_diff,-0.10026737967914434,-0.25001114081996434,0.06417112299465233,0.2815,False,66,68,False,driven_by_tpr_gap
insurance_denial,unawareness,random_forest,gender,predictive_parity_diff,-0.057005218787635537,-0.1963067041348856,0.07994781212364478,0.578,False,47,53,False,
insurance_denial,unawareness,random_forest,gender,accuracy_equality_diff,-0.05818651105375372,-0.16288856469532031,0.039334810907866655,0.3185,False,134,133,False,
insurance_denial,unawareness,random_forest,age_x_gender,intersectional_demographic_parity_diff,-0.1772727272727273,-0.37128787878787867,0.025795454545454337,0.1155,False,33,60,False,superadditive
insurance_denial,unawareness,gradient_boosting,age,demographic_parity_diff,-0.07054963084495491,-0.1890308215164655,0.050925817414742704,0.2415,False,106,161,False,
insurance_denial,unawareness,gradient_boosting,age,disparate_impact_ratio,0.8197069597006627,0.5719804235339377,1.1458248013966938,0.2415,False,106,161,False,
insurance_denial,unawareness,gradient_boosting,age,equal_opportunity_diff,-0.03815113719735874,-0.2020909757887013,0.14066397652237686,0.713,False,47,87,False,
insurance_denial,unawareness,gradient_boosting,age,equalized_odds_diff,-0.03815113719735874,-0.2020909757887013,0.14066397652237686,0.713,False,47,87,False,driven_by_tpr_gap
insurance_denial,unawareness,gradient_boosting,age,predictive_parity_diff,-0.051820728291316565,-0.20121381886087764,0.08403361344537819,0.522,False,34,63,False,
insurance_denial,unawareness,gradient_boosting,age,accuracy_equality_diff,0.0066213523965780174,-0.09944333763037627,0.10646900269541781,1.0,False,106,161,False,
insurance_denial,unawareness,gradient_boosting,gender,demographic_parity_diff,-0.01021209740769835,-0.1300639658848614,0.10941813488946248,0.8915,False,134,133,False,
insurance_denial,unawareness,gradient_boosting,gender,disparate_impact_ratio,0.9722815251292506,0.6928757999670061,1.3470138264960172,0.8915,False,134,133,False,
insurance_denial,unawareness,gradient_boosting,gender,equal_opportunity_diff,-0.040552584670231706,-0.20277406417112298,0.12300579322638135,0.7305,False,66,68,False,
insurance_denial,unawareness,gradient_boosting,gender,equalized_odds_diff,0.04140271493212669,-0.048207013574660604,0.13099547511312218,0.536,False,68,65,False,driven_by_fpr_gap
insurance_denial,unawareness,gradient_boosting,gender,predictive_parity_diff,-0.0642006802721089,-0.18877551020408168,0.05994897959183676,0.382,False,48,49,False,
insurance_denial,unawareness,gradient_boosting,gender,accuracy_equality_diff,-0.03579845135226123,-0.13332117607451466,0.061609246998092226,0.561,False,134,133,False,
insurance_denial,unawareness,gradient_boosting,age_x_gender,intersectional_demographic_parity_diff,-0.11363636363636365,-0.3151515151515152,0.084924242424242,0.379,False,33,60,False,superadditive
insurance_denial,unawareness_proxy_removal,logistic_regression,age,demographic_parity_diff,-0.07283487636235786,-0.19707605765850222,0.04588069846478382,0.262,False,106,161,False,
insurance_denial,unawareness_proxy_removal,logistic_regression,age,disparate_impact_ratio,0.8415352759254183,0.6124238837343216,1.1138757267570045,0.262,False,106,161,False,
insurance_denial,unawareness_proxy_removal,logistic_regression,age,equal_opportunity_diff,-0.13132795304475425,-0.3083883590119834,0.04409391049156231,0.153,False,47,87,False,
insurance_denial,unawareness_proxy_removal,logistic_regression,age,equalized_odds_diff,-0.13132795304475425,-0.3083883590119834,0.04409391049156231,0.153,False,47,87,False,driven_by_tpr_gap
insurance_denial,unawareness_proxy_removal,logistic_regression,age,predictive_parity_diff,-0.1687541199736321,-0.3529993408042188,0.012920237310480899,0.092,False,41,74,False,
insurance_denial,unawareness_proxy_removal,logistic_regression,age,accuracy_equality_diff,-0.06703386851048876,-0.18529239423414978,0.0551388726122114,0.301,False,106,161,False,
insurance_denial,unawareness_proxy_removal,logistic_regression,gender,demographic_parity_diff,-0.05566154191448769,-0.16872264616765764,0.06385506677140616,0.3995,False,134,133,False,
insurance_denial,unawareness_proxy_removal,logistic_regression,gender,disparate_impact_ratio,0.8786398535454527,0.6616922226096926,1.1580299050650982,0.3995,False,134,133,False,
insurance_denial,unawareness_proxy_removal,logistic_regression,gender,equal_opportunity_diff,0.03208556149732622,-0.13147281639928698,0.1969808377896613,0.738,False,66,68,False,
insurance_denial,unawareness_proxy_removal,logistic_regression,gender,equalized_odds_diff,-0.13325791855203623,-0.27329185520361954,0.029185520361990958,0.132,False,68,65,False,driven_by_fpr_gap
insurance_denial,unawareness_proxy_removal,logistic_regression,gender,predictive_parity_diff,0.09927140255009104,-0.07321645415907704,0.25749089253187585,0.3235,False,54,61,False,
insurance_denial,unawareness_proxy_removal,logistic_regression,gender,accuracy_equality_diff,0.08506340478060825,-0.03478846369655475,0.19745258669060717,0.1505,False,134,133,False,
insurance_denial,unawareness_proxy_removal,logistic_regression,age_x_gender,intersectional_demographic_parity_diff,-0.21060606060606063,-0.39848484848484855,-0.0030303030303029943,0.068,False,33,60,False,superadditive
insurance_denial,unawareness_proxy_removal,random_forest,age,demographic_parity_diff,-0.0733036446736201,-0.19201921950076178,0.048400328137817916,0.2495,False,106,161,False,
insurance_denial,unawareness_proxy_removal,random_forest,age,disparate_impact_ratio,0.8264432522085817,0.5825803985116204,1.1269016789859931,0.2495,False,106,161,False,
insurance_denial,unawareness_proxy_removal,random_forest,age,equal_opportunity_diff,-0.09855710442651022,-0.2721936903888481,0.08314991440449981,0.2905,False,47,87,False,
insurance_denial,unawareness_proxy_removal,random_forest,age,equalized_odds_diff,-0.09855710442651022,-0.2721936903888481,0.08314991440449981,0.2905,False,47,87,False,driven_by_tpr_gap
insurance_denial,unawareness_proxy_removal,random_forest,age,predictive_parity_diff,-0.13076311605723367,-0.31007551669316363,0.05093402225755134,0.18,False,37,68,False,
insurance_denial,unawareness_proxy_removal,random_forest,age,accuracy_equality_diff,-0.03527481542247746,-0.1574475565451776,0.07424704090003506,0.6035,False,106,161,False,
insurance_denial,unawareness_proxy_removal,random_forest,gender,demographic_parity_diff,0.004544944450678934,-0.11519470317585007,0.11693693188194368,1.0,False,134,133,False,
insurance_denial,unawareness_proxy_removal,random_forest,gender,disparate_impact_ratio,1.0116245397283945,0.748369616433159,1.3706455924581116,1.0,False,134,133,False,
insurance_denial,unawareness_proxy_removal,random_forest,gender,equal_opportunity_diff,0.03208556149732622,-0.13280971479500892,0.19653520499108723,0.738,False,66,68,False,
insurance_denial,unawareness_proxy_removal,random_forest,gender,equalized_odds_diff,0.03208556149732622,-0.13280971479500892,0.19653520499108723,0.738,False,66,68,False,driven_by_tpr_gap
insurance_denial,unawareness_proxy_removal,random_forest,gender,predictive_parity_diff,0.005079825834542806,-0.1658200290275762,0.1763425253991292,1.0,False,53,52,False,
insurance_denial,unawareness_proxy_removal,random_forest,gender,accuracy_equality_diff,0.024856918415441576,-0.08819997755582949,0.13696554819885542,0.719,False,134,133,False,
insurance_denial,unawareness_proxy_removal,random_forest,age_x_gender,intersectional_demographic_parity_diff,-0.12727272727272732,-0.3181818181818182,0.08030303030303032,0.2705,False,33,60,False,superadditive
insurance_denial,unawareness_proxy_removal,gradient_boosting,age,demographic_parity_diff,-0.10529708191726239,-0.21804172037970232,0.009961326614320865,0.086,False,106,161,False,
insurance_denial,unawareness_proxy_removal,gradient_boosting,age,disparate_impact_ratio,0.7220854845173401,0.48211817570083126,1.030660289210159,0.086,False,106,161,False,
insurance_denial,unawareness_proxy_removal,gradient_boosting,age,equal_opportunity_diff,-0.0755685986793837,-0.2492051846417217,0.10785033015407186,0.469,False,47,87,False,
insurance_denial,unawareness_proxy_removal,gradient_boosting,age,equalized_odds_diff,-0.0755685986793837,-0.2492051846417217,0.10785033015407186,0.469,False,47,87,False,driven_by_tpr_gap
insurance_denial,unawareness_proxy_removal,gradient_boosting,age,predictive_parity_diff,-0.00847936687394013,-0.1939372526851328,0.16054267947993217,1.0,False,29,61,True,
insurance_denial,unawareness_proxy_removal,gradient_boosting,age,accuracy_equality_diff,0.02156334231805923,-0.09094105238485883,0.13084495488105008,0.778,False,106,161,False,
insurance_denial,unawareness_proxy_removal,gradient_boosting,gender,demographic_parity_diff,0.04241948153967007,-0.07748849736281,0.161990797890248,0.518,False,134,133,False,
insurance_denial,unawareness_proxy_removal,gradient_boosting,gender,disparate_impact_ratio,1.1343279328371678,0.7939384476721768,1.6212167230556525,0.518,False,134,133,False,
insurance_denial,unawareness_proxy_removal,gradient_boosting,gender,equal_opportunity_diff,0.06149732620320858,-0.08868092691622098,0.22505570409982167,0.4945,False,66,68,False,
insurance_denial,unawareness_proxy_removal,gradient_boosting,gender,equalized_odds_diff,0.06149732620320858,-0.08868092691622098,0.22505570409982167,0.4945,False,66,68,False,driven_by_tpr_gap
insurance_denial,unawareness_proxy_removal,gradient_boosting,gender,predictive_parity_diff,-0.044642857142857095,-0.1964285714285714,0.1071428571428571,0.7865,False,48,42,False,
insurance_denial,unawareness_proxy_removal,gradient_boosting,gender,accuracy_equality_diff,0.017057569296375252,-0.09538772303894061,0.12209628548984397,0.799,False,134,133,False,
insurance_denial,unawareness_proxy_removal,gradient_boosting,age_x_gender,intersectional_demographic_parity_diff,-0.10757575757575755,-0.3015151515151515,0.09393939393939393,0.3565,False,33,60,False,
insurance_denial,in_processing,logistic_regression,age,demographic_parity_diff,0.05877182702449313,-0.06018399156217036,0.1804757998359311,0.4035,False,106,161,False,
insurance_denial,in_processing,logistic_regression,age,disparate_impact_ratio,1.1391506139366845,0.8708065090160388,1.475212053096556,0.4035,False,106,161,False,
insurance_denial,in_processing,logistic_regression,age,equal_opportunity_diff,0.07043286867204696,-0.10837001711910003,0.2509904622157002,0.4985,False,47,87,False,
insurance_denial,in_processing,logistic_regression,age,equalized_odds_diff,0.07237746220797064,-0.08657810352725609,0.2487402656894182,0.4705,False,59,74,False,driven_by_fpr_gap
insurance_denial,in_processing,logistic_regression,age,predictive_parity_diff,-0.10784313725490202,-0.2843137254901961,0.07352941176470595,0.2745,False,51,68,False,
insurance_denial,in_processing,logistic_regression,age,accuracy_equality_diff,0.007031524668932421,-0.11192429391773118,0.12627885854916168,1.0,False,106,161,False,
insurance_denial,in_processing,logistic_regression,gender,demographic_parity_diff,-0.010829312086185594,-0.1306278756592975,0.10179272808887889,0.9125,False,134,133,False,
insurance_denial,in_processing,logistic_regression,gender,disparate_impact_ratio,0.9759950780865322,0.7358062079917053,1.267152627188907,0.9125,False,134,133,False,
insurance_denial,in_processing,logistic_regression,gender,equal_opportunity_diff,0.015151515151515138,-0.1501893939393939,0.1804812834224599,0.856,False,66,68,False,
insurance_denial,in_processing,logistic_regression,gender,equalized_odds_diff,-0.032352941176470584,-0.1995475113122172,0.13416289592760178,0.7345,False,68,65,False,driven_by_fpr_gap
insurance_denial,in_processing,logistic_regression,gender,predictive_parity_diff,0.009604519774011333,-0.17514124293785305,0.1935098870056497,1.0,False,59,60,False,
insurance_denial,in_processing,logistic_regression,gender,accuracy_equality_diff,0.02575468522051394,-0.09420940410728318,0.14527269666704065,0.704,False,134,133,False,
insurance_denial,in_processing,logistic_regression,age_x_gender,intersectional_demographic_parity_diff,0.040909090909090895,-0.17424242424242425,0.2515530303030301,0.8315,False,33,60,False,
insurance_denial,in_processing,random_forest,age,demographic_parity_diff,-0.09838274932614555,-0.21088714402906367,0.026544005625219746,0.1155,False,106,161,False,
insurance_denial,in_processing,random_forest,age,disparate_impact_ratio,0.7704407872104903,0.5437931266744118,1.0707138201472763,0.1155,False,106,161,False,
insurance_denial,in_processing,random_forest,age,equal_opportunity_diff,-0.14111029591587188,-0.3147468818782098,0.03892761066275343,0.1635,False,47,87,False,
insurance_denial,in_processing,random_forest,age,equalized_odds_diff,-0.14111029591587188,-0.3147468818782098,0.03892761066275343,0.1635,False,47,87,False,driven_by_tpr_gap
insurance_denial,in_processing,random_forest,age,predictive_parity_diff,-0.13954451345755692,-0.32505175983436857,0.04793995859213081,0.165,False,35,69,False,
insurance_denial,in_processing,random_forest,age,accuracy_equality_diff,-0.047931559826555725,-0.1698757763975155,0.06757295206844012,0.4405,False,106,161,False,
insurance_denial,in_processing,random_forest,gender,demographic_parity_diff,-0.017899225676130615,-0.13028840758612947,0.09455027494108406,0.8145,False,134,133,False,
insurance_denial,in_processing,random_forest,gender,disparate_impact_ratio,0.9550831879058611,0.7089558367710972,1.2857861103663402,0.8145,False,134,133,False,
insurance_denial,in_processing,random_forest,gender,equal_opportunity_diff,0.0017825311942958333,-0.16131907308377902,0.16711229946524064,1.0,False,66,68,False,
insurance_denial,in_processing,random_forest,gender,equalized_odds_diff,-0.02488687782805432,-0.17264140271493209,0.11153846153846153,0.8265,False,68,65,False,driven_by_fpr_gap
insurance_denial,in_processing,random_forest,gender,predictive_parity_diff,0.008509064002959699,-0.15084165741768357,0.18349981502034785,1.0,False,51,53,False,
insurance_denial,in_processing,random_forest,gender,accuracy_equality_diff,0.017450342273594432,-0.0958323981595778,0.12983952418359335,0.796,False,134,133,False,
insurance_denial,in_processing,random_forest,age_x_gender,intersectional_demographic_parity_diff,-0.20454545454545456,-0.39242424242424245,-0.016666666666666663,0.07,False,33,60,False,superadditive
insurance_denial,in_processing,gradient_boosting,age,demographic_parity_diff,-0.11449666002578224,-0.2272354388843314,-0.0012378413219268686,0.065,False,106,161,False,
insurance_denial,in_processing,gradient_boosting,age,disparate_impact_ratio,0.7119700641979487,0.4773596926387447,0.9968994770961823,0.054,False,106,161,False,
insurance_denial,in_processing,gradient_boosting,age,equal_opportunity_diff,-0.08706285155294702,-0.2589875275128393,0.09639887503056957,0.3755,False,47,87,False,
insurance_denial,in_processing,gradient_boosting,age,equalized_odds_diff,-0.08706285155294702,-0.2589875275128393,0.09639887503056957,0.3755,False,47,87,False,driven_by_tpr_gap
insurance_denial,in_processing,gradient_boosting,age,predictive_parity_diff,-0.012499999999999956,-0.17708333333333337,0.15208333333333335,1.0,False,30,64,False,
insurance_denial,in_processing,gradient_boosting,age,accuracy_equality_diff,0.018340560178131904,-0.09216424469705835,0.12486815891245762,0.787,False,106,161,False,
insurance_denial,in_processing,gradient_boosting,gender,demographic_parity_diff,0.042307260689036064,-0.07771293906407806,0.161990797890248,0.5295,False,134,133,False,
insurance_denial,in_processing,gradient_boosting,gender,disparate_impact_ratio,1.1278829241639292,0.7978253726195559,1.5880574668741634,0.5295,False,134,133,False,
insurance_denial,in_processing,gradient_boosting,gender,equal_opportunity_diff,0.07664884135472372,-0.07264928698752225,0.23975044563279857,0.393,False,66,68,False,
insurance_denial,in_processing,gradient_boosting,gender,equalized_odds_diff,0.07664884135472372,-0.07264928698752225,0.23975044563279857,0.393,False,66,68,False,driven_by_tpr_gap
insurance_denial,in_processing,gradient_boosting,gender,predictive_parity_diff,-0.018181818181818188,-0.16909090909090907,0.13824999999999962,1.0,False,50,44,False,
insurance_denial,in_processing,gradient_boosting,gender,accuracy_equality_diff,0.03209516328133766,-0.08057597351587925,0.13696554819885542,0.5985,False,134,133,False,
insurance_denial,in_processing,gradient_boosting,age_x_gender,intersectional_demographic_parity_diff,-0.12424242424242421,-0.31522727272727263,0.08037878787878748,0.245,False,33,60,False,
insurance_denial,post_processing,logistic_regression,age,demographic_parity_diff,-0.09609750380874255,-0.20814484940818,0.016178366342435222,0.1075,False,106,161,False,
insurance_denial,post_processing,logistic_regression,age,disparate_impact_ratio,0.7332473247236754,0.48898207945674327,1.0515709000336786,0.1075,False,106,161,False,
insurance_denial,post_processing,logistic_regression,age,equal_opportunity_diff,-0.15896307165566154,-0.32966495475666424,0.016428222059182894,0.1155,False,47,87,False,
insurance_denial,post_processing,logistic_regression,age,equalized_odds_diff,-0.15896307165566154,-0.32966495475666424,0.016428222059182894,0.1155,False,47,87,False,driven_by_tpr_gap
insurance_denial,post_processing,logistic_regression,age,predictive_parity_diff,-0.16625615763546797,-0.3620689655172413,0.027093596059113323,0.1045,False,28,58,True,
insurance_denial,post_processing,logistic_regression,age,accuracy_equality_diff,-0.05713113793507563,-0.17038409703504037,0.06135591234032576,0.355,False,106,161,False,
insurance_denial,post_processing,logistic_regression,gender,demographic_parity_diff,-0.0024127482886320273,-0.11492116485242956,0.10986561553136574,1.0,False,134,133,False,
insurance_denial,post_processing,logistic_regression,gender,disparate_impact_ratio,0.9925373365150275,0.6836839874295566,1.4137195018839879,1.0,False,134,133,False,
insurance_denial,post_processing,logistic_regression,gender,equal_opportunity_diff,0.045008912655971456,-0.11764705882352944,0.20990418894830654,0.6125,False,66,68,False,
insurance_denial,post_processing,logistic_regression,gender,equalized_odds_diff,0.045008912655971456,-0.11764705882352944,0.20990418894830654,0.6125,False,66,68,False,driven_by_tpr_gap
insurance_denial,post_processing,logistic_regression,gender,predictive_parity_diff,0.046511627906976716,-0.11686046511627814,0.2093023255813954,0.79,False,43,43,False,
insurance_denial,post_processing,logistic_regression,gender,accuracy_equality_diff,0.047301088542251235,-0.06508809336774768,0.15963416002693298,0.4265,False,134,133,False,
insurance_denial,post_processing,logistic_regression,age_x_gender,intersectional_demographic_parity_diff,-0.1545454545454545,-0.34545454545454546,0.033333333333333326,0.1635,False,33,60,False,superadditive
insurance_denial,post_processing,random_forest,age,demographic_parity_diff,-0.20655103714988868,-0.3031759053088011,-0.10646900269541779,0.0,True,106,161,False,
insurance_denial,post_processing,random_forest,age,disparate_impact_ratio,0.3725544158039053,0.18408736125246042,0.6075487494276043,0.0,True,106,161,False,
insurance_denial,post_processing,random_forest,age,equal_opportunity_diff,-0.2406456346294938,-0.4027879677182685,-0.06700904866715579,0.0125,True,47,87,False,
insurance_denial,post_processing,random_forest,age,equalized_odds_diff,-0.2406456346294938,-0.4027879677182685,-0.06700904866715579,0.0125,True,47,87,False,driven_by_tpr_gap
insurance_denial,post_processing,random_forest,age,predictive_parity_diff,0.15094339622641506,0.05660377358490565,0.24528301886792447,0.2,False,13,53,True,
insurance_denial,post_processing,random_forest,age,accuracy_equality_diff,-0.01019571076995196,-0.1291456697527248,0.10254306808859726,0.8885,False,106,161,False,
insurance_denial,post_processing,random_forest,gender,demographic_parity_diff,0.10301874088205587,0.005211255751318905,0.20087391987431175,0.0615,False,134,133,False,
insurance_denial,post_processing,random_forest,gender,disparate_impact_ratio,1.526977786510301,1.0186919459034658,2.452139648800342,0.0615,False,134,133,False,
insurance_denial,post_processing,random_forest,gender,equal_opportunity_diff,0.13235294117647056,-0.03074866310160429,0.29634581105169344,0.1765,False,66,68,False,
insurance_denial,post_processing,random_forest,gender,equalized_odds_diff,0.13235294117647056,-0.03074866310160429,0.29634581105169344,0.1765,False,66,68,False,driven_by_tpr_gap
insurance_denial,post_processing,random_forest,gender,predictive_parity_diff,-0.1365384615384616,-0.275,0.0019230769230769162,0.138,False,40,26,True,
insurance_denial,post_processing,random_forest,gender,accuracy_equality_diff,0.032319604982605776,-0.08023931096397702,0.14499074177982268,0.615,False,134,133,False,
insurance_denial,post_processing,random_forest,age_x_gender,intersectional_demographic_parity_diff,-0.1621212121212121,-0.32272727272727275,-0.001439393939394335,0.13,False,33,60,False,
insurance_denial,post_processing,gradient_boosting,age,demographic_parity_diff,-0.09838274932614555,-0.21112738778858547,0.014419020274229121,0.1155,False,106,161,False,
insurance_denial,post_processing,gradient_boosting,age,disparate_impact_ratio,0.7704407872104903,0.552273280454358,1.0407257702693908,0.1155,False,106,161,False,
insurance_denial,post_processing,gradient_boosting,age,equal_opportunity_diff,-0.11176326730251895,-0.28373074101247237,0.07336757153338225,0.2855,False,47,87,False,
insurance_denial,post_processing,gradient_boosting,age,equalized_odds_diff,-0.11176326730251895,-0.28373074101247237,0.07336757153338225,0.2855,False,47,87,False,driven_by_tpr_gap
insurance_denial,post_processing,gradient_boosting,age,predictive_parity_diff,-0.09730848861283647,-0.26956521739130435,0.07537267080745341,0.2945,False,35,69,False,
insurance_denial,post_processing,gradient_boosting,age,accuracy_equality_diff,-0.028594866986991763,-0.14385913512246573,0.08115551388726128,0.679,False,106,161,False,
insurance_denial,post_processing,gradient_boosting,gender,demographic_parity_diff,0.0719896756817417,-0.047974413646055425,0.19150488160700258,0.2695,False,134,133,False,
insurance_denial,post_processing,gradient_boosting,gender,disparate_impact_ratio,1.2037148887572646,0.8780140892699342,1.626709084073714,0.2695,False,134,133,False,
insurance_denial,post_processing,gradient_boosting,gender,equal_opportunity_diff,0.09269162210338677,-0.05614973262032086,0.2571301247771836,0.28,False,66,68,False,
insurance_denial,post_processing,gradient_boosting,gender,equalized_odds_diff,0.09269162210338677,-0.05614973262032086,0.2571301247771836,0.28,False,66,68,False,driven_by_tpr_gap
insurance_denial,post_processing,gradient_boosting,gender,predictive_parity_diff,-0.05412467338559157,-0.2158454647256437,0.10488988428518098,0.6335,False,57,47,False,
insurance_denial,post_processing,gradient_boosting,gender,accuracy_equality_diff,0.01711367972169231,-0.09522219728425539,0.12204017506452702,0.8045,False,134,133,False,
insurance_denial,post_processing,gradient_boosting,age_x_gender,intersectional_demographic_parity_diff,-0.0636363636363636,-0.26515151515151514,0.13787878787878788,0.6625,False,33,60,False,
tenant_screening,baseline,logistic_regression,race,demographic_parity_diff,0.0598133114303665,0.03220221223632713,0.08563531819804099,0.0,True,2943,2224,False,
tenant_screening,baseline,logistic_regression,race,disparate_impact_ratio,1.0975253575694575,1.051295087895093,1.1432604604851668,0.0,True,2943,2224,False,
tenant_screening,baseline,logistic_regression,race,equal_opportunity_diff,0.04746637091170147,0.017605385716323748,0.07683600095721528,0.0025,True,1711,1270,False,
tenant_screening,baseline,logistic_regression,race,equalized_odds_diff,0.06843536442593046,0.023143411881619474,0.11081570421193061,0.0025,True,1232,954,False,driven_by_fpr_gap
tenant_screening,baseline,logistic_regression,race,predictive_parity_diff,-0.010307229530984285,-0.041935900216277494,0.02153990216440326,0.54,False,1981,1364,False,
tenant_screening,baseline,logistic_regression,race,accuracy_equality_diff,0.0007828599505717015,-0.024280869646790253,0.026286505199510035,0.977,False,2943,2224,False,
tenant_screening,baseline,random_forest,race,demographic_parity_diff,0.0673753046492469,0.04092901137805351,0.09370638810052878,0.0,True,2943,2224,False,
tenant_screening,baseline,random_forest,race,disparate_impact_ratio,1.1132595809906403,1.0676235835737629,1.1618870760005044,0.0,True,2943,2224,False,
tenant_screening,baseline,random_forest,race,equal_opportunity_diff,0.043675706521489,0.013466039567964517,0.07426424432918999,0.0025,True,1711,1270,False,
tenant_screening,baseline,random_forest,race,equalized_odds_diff,0.09129196275422691,0.048884268901957545,0.13138281398894602,0.0,True,1232,954,False,driven_by_fpr_gap
tenant_screening,baseline,random_forest,race,predictive_parity_diff,-0.02329469499446779,-0.05503106036896259,0.008022361216306877,0.1515,False,1949,1323,False,
tenant_screening,baseline,random_forest,race,accuracy_equality_diff,-0.01139837365581542,-0.03671937068082536,0.014564892428564754,0.4025,False,2943,2224,False,
tenant_screening,baseline,gradient_boosting,race,demographic_parity_diff,0.06511961684475043,0.037596940795987015,0.09143323338271278,0.0,True,2943,2224,False,
tenant_screening,baseline,gradient_boosting,race,disparate_impact_ratio,1.1065679108577566,1.0600288848615085,1.1529383063398126,0.0,True,2943,2224,False,
tenant_screening,baseline,gradient_boosting,race,equal_opportunity_diff,0.03692964007786581,0.008550359646014397,0.06635495427916632,0.012,True,1711,1270,False,
tenant_screening,baseline,gradient_boosting,race,equalized_odds_diff,0.09443661684227722,0.05171415979198998,0.1337487918266219,0.0,True,1232,954,False,driven_by_fpr_gap
tenant_screening,baseline,gradient_boosting,race,predictive_parity_diff,-0.02666422620830422,-0.05647486882536296,0.004599524480385808,0.09,False,1990,1359,False,
tenant_screening,baseline,gradient_boosting,race,accuracy_equality_diff,-0.016351903186930583,-0.04150577855758207,0.009488151069358533,0.201,False,2943,2224,False,
tenant_screening,unawareness,logistic_regression,race,demographic_parity_diff,0.1051403525497645,0.07712804527020589,0.13144245307118227,0.0,True,2943,2224,False,
tenant_screening,unawareness,logistic_regression,race,disparate_impact_ratio,1.1793188230564522,1.1284473552934255,1.2301008597110656,0.0,True,2943,2224,False,
tenant_screening,unawareness,logistic_regression,race,equal_opportunity_diff,0.08173835809974361,0.05147747092688813,0.11113745242686274,0.0,True,1711,1270,False,
tenant_screening,unawareness,logistic_regression,race,equalized_odds_diff,0.12855985733344227,0.08486741573416104,0.16967769848076455,0.0,True,1232,954,False,driven_by_fpr_gap
tenant_screening,unawareness,logistic_regression,race,predictive_parity_diff,-0.03034435718484796,-0.06276506986629683,-0.0007139909708927663,0.065,False,2035,1304,False,
tenant_screening,unawareness,logistic_regression,race,accuracy_equality_diff,-0.005052227331284853,-0.030240001423937252,0.021143979311963244,0.7205,False,2943,2224,False,
tenant_screening,unawareness,random_forest,race,demographic_parity_diff,0.0847529927128633,0.05691881128125022,0.1121960153589667,0.0,True,2943,2224,False,
tenant_screening,unawareness,random_forest,race,disparate_impact_ratio,1.1445478023919444,1.093776629767602,1.1967620935092376,0.0,True,2943,2224,False,
tenant_screening,unawareness,random_forest,race,equal_opportunity_diff,0.056712241770480065,0.027385099656230805,0.08644203555502383,0.0005,True,1711,1270,False,
tenant_screening,unawareness,random_forest,race,equalized_odds_diff,0.11411622968226742,0.07126780779493044,0.15632912684799474,0.0,True,1232,954,False,driven_by_fpr_gap
tenant_screening,unawareness,random_forest,race,predictive_parity_diff,-0.03186301157101812,-0.06366350858119119,-4.7759571328742645e-05,0.0465,True,1975,1304,False,
tenant_screening,unawareness,random_forest,race,accuracy_equality_diff,-0.013585156339759985,-0.0380431931213439,0.012477212419666654,0.283,False,2943,2224,False,
tenant_screening,unawareness,gradient_boosting,race,demographic_parity_diff,0.08284733069813266,0.05623442759553824,0.1096202434077203,0.0,True,2943,2224,False,
tenant_screening,unawareness,gradient_boosting,race,disparate_impact_ratio,1.1371944589368357,1.0908827826210659,1.185926875375363,0.0,True,2943,2224,False,
tenant_screening,unawareness,gradient_boosting,race,equal_opportunity_diff,0.052401551793167855,0.023949709383930706,0.0817967919483471,0.0005,True,1711,1270,False,
tenant_screening,unawareness,gradient_boosting,race,equalized_odds_diff,0.11533631462876742,0.07163702387758994,0.1553090711699202,0.0,True,1232,954,False,driven_by_fpr_gap
tenant_screening,unawareness,gradient_boosting,race,predictive_parity_diff,-0.03228977346204387,-0.06348760575388063,-0.0027841230003798215,0.0405,True,2021,1343,False,
tenant_screening,unawareness,gradient_boosting,race,accuracy_equality_diff,-0.016252288688926475,-0.04048134581020198,0.009969898698778007,0.204,False,2943,2224,False,
tenant_screening,unawareness_proxy_removal,logistic_regression,race,demographic_parity_diff,0.11393942949615843,0.08800533732035773,0.13845147887805964,0.0,True,2943,2224,False,
tenant_screening,unawareness_proxy_removal,logistic_regression,race,disparate_impact_ratio,1.1863241741283037,1.140490076247389,1.2324926668370408,0.0,True,2943,2224,False,
tenant_screening,unawareness_proxy_removal,logistic_regression,race,equal_opportunity_diff,0.08368684335264642,0.052513242244485635,0.1156222359259446,0.0,True,1711,1270,False,
tenant_screening,unawareness_proxy_removal,logistic_regression,race,equalized_odds_diff,0.149410207193226,0.10862252920035938,0.19337648724441175,0.0,True,1232,954,False,driven_by_fpr_gap
tenant_screening,unawareness_proxy_removal,logistic_regression,race,predictive_parity_diff,-0.028962322633971693,-0.06108223412315751,0.0020730730816917397,0.0725,False,2135,1360,False,
tenant_screening,unawareness_proxy_removal,logistic_regression,race,accuracy_equality_diff,-0.011976351640400229,-0.03858906376427907,0.014797584715102579,0.3985,False,2943,2224,False,
tenant_screening,unawareness_proxy_removal,random_forest,race,demographic_parity_diff,0.062477693686029734,0.03521764392767127,0.08884223278869255,0.0,True,2943,2224,False,
tenant_screening,unawareness_proxy_removal,random_forest,race,disparate_impact_ratio,1.105665517686402,1.0579651809093304,1.1548541343254493,0.0,True,2943,2224,False,
tenant_screening,unawareness_proxy_removal,random_forest,race,equal_opportunity_diff,0.06141318103793425,0.02660807558318795,0.09385344712536293,0.001,True,1711,1270,False,
tenant_screening,unawareness_proxy_removal,random_forest,race,equalized_odds_diff,0.06141318103793425,0.02660807558318795,0.09385344712536293,0.001,True,1711,1270,False,driven_by_tpr_gap
tenant_screening,unawareness_proxy_removal,random_forest,race,predictive_parity_diff,0.0015556943313597138,-0.030387036275819585,0.0348413377548358,0.9425,False,1924,1315,False,
tenant_screening,unawareness_proxy_removal,random_forest,race,accuracy_equality_diff,0.012935370358147735,-0.012726114979576004,0.039097678279394824,0.361,False,2943,2224,False,
tenant_screening,unawareness_proxy_removal,gradient_boosting,race,demographic_parity_diff,0.0716575057996417,0.04519514357932624,0.09708854094094749,0.0,True,2943,2224,False,
tenant_screening,unawareness_proxy_removal,gradient_boosting,race,disparate_impact_ratio,1.1152321306016955,1.0709037792449096,1.1599420945279393,0.0,True,2943,2224,False,
tenant_screening,unawareness_proxy_removal,gradient_boosting,race,equal_opportunity_diff,0.04863527798358924,0.018096740866187767,0.08001019342190642,0.0005,True,1711,1270,False,
tenant_screening,unawareness_proxy_removal,gradient_boosting,race,equalized_odds_diff,0.0955971439462005,0.055009367597811054,0.13945983589261896,0.0,True,1232,954,False,driven_by_fpr_gap
tenant_screening,unawareness_proxy_removal,gradient_boosting,race,predictive_parity_diff,-0.0201257447205746,-0.05229361714640193,0.011108501319479935,0.2175,False,2041,1383,False,
tenant_screening,unawareness_proxy_removal,gradient_boosting,race,accuracy_equality_diff,-0.009702177096243436,-0.03488554721971658,0.016380664581484627,0.4795,False,2943,2224,False,
tenant_screening,in_processing,logistic_regression,race,demographic_parity_diff,0.017156916668500055,-0.009485485006490194,0.04093948847038573,0.1785,False,2943,2224,False,
tenant_screening,in_processing,logistic_regression,race,disparate_impact_ratio,1.0242112492543944,0.9868291595296981,1.0586579545339774,0.1785,False,2943,2224,False,
tenant_screening,in_processing,logistic_regression,race,equal_opportunity_diff,0.010125772560136581,-0.019706967882667504,0.039528030759743524,0.499,False,1711,1270,False,
tenant_screening,in_processing,logistic_regression,race,equalized_odds_diff,0.0220704348062839,-0.018086695798959992,0.06359760849737274,0.2965,False,1232,954,False,driven_by_fpr_gap
tenant_screening,in_processing,logistic_regression,race,predictive_parity_diff,0.00429903610334792,-0.025727140725108823,0.035030787182265745,0.8165,False,2136,1576,False,
tenant_screening,in_processing,logistic_regression,race,accuracy_equality_diff,0.0006722450785549006,-0.025971623312970486,0.027418218330534365,0.978,False,2943,2224,False,
tenant_screening,in_processing,random_forest,race,demographic_parity_diff,0.0570103550187373,0.030007503935689368,0.0839737269817174,0.0,True,2943,2224,False,
tenant_screening,in_processing,random_forest,race,disparate_impact_ratio,1.0970833182606217,1.0497830294843482,1.1470573760508895,0.0,True,2943,2224,False,
tenant_screening,in_processing,random_forest,race,equal_opportunity_diff,0.05685950565355247,0.022772484203647542,0.0898842252769252,0.0005,True,1711,1270,False,
tenant_screening,in_processing,random_forest,race,equalized_odds_diff,0.05685950565355247,0.022772484203647542,0.0898842252769252,0.0005,True,1711,1270,False,driven_by_tpr_gap
tenant_screening,in_processing,random_forest,race,predictive_parity_diff,0.0035732516590096797,-0.02979392417986444,0.03653989054089852,0.8415,False,1896,1306,False,
tenant_screening,in_processing,random_forest,race,accuracy_equality_diff,0.01286371514409268,-0.014717186495451916,0.03914264612774608,0.356,False,2943,2224,False,
tenant_screening,in_processing,gradient_boosting,race,demographic_parity_diff,0.019578373998049292,-0.005338263792635677,0.045201594840335736,0.139,False,2943,2224,False,
tenant_screening,in_processing,gradient_boosting,race,disparate_impact_ratio,1.0292426049268693,0.9921211362742789,1.068774211417512,0.139,False,2943,2224,False,
tenant_screening,in_processing,gradient_boosting,race,equal_opportunity_diff,-0.0024726526367138124,-0.031819111630625355,0.026288743056738045,0.878,False,1711,1270,False,
tenant_screening,in_processing,gradient_boosting,race,equalized_odds_diff,0.04237455416700703,-0.0008067109777015438,0.08539484297149384,0.053,False,1232,954,False,driven_by_fpr_gap
tenant_screening,in_processing,gradient_boosting,race,predictive_parity_diff,-0.009523487825910726,-0.04141440584006575,0.023048799347747978,0.5505,False,2028,1489,False,
tenant_screening,in_processing,gradient_boosting,race,accuracy_equality_diff,-0.01613770145962745,-0.04186060555225537,0.009275099033922634,0.222,False,2943,2224,False,
tenant_screening,post_processing,logistic_regression,race,demographic_parity_diff,0.0020152074059407443,-0.022490887259611278,0.024201124574346672,0.8765,False,2943,2224,False,
tenant_screening,post_processing,logistic_regression,race,disparate_impact_ratio,1.002658253475004,0.970958857309968,1.0325473056300505,0.8765,False,2943,2224,False,
tenant_screening,post_processing,logistic_regression,race,equal_opportunity_diff,-0.018537761681017173,-0.04552262571503516,0.008119037538484124,0.159,False,1711,1270,False,
tenant_screening,post_processing,logistic_regression,race,equalized_odds_diff,0.025155531051757385,-0.015399913896376132,0.0667225659560565,0.2105,False,1232,954,False,driven_by_fpr_gap
tenant_screening,post_processing,logistic_regression,race,predictive_parity_diff,-0.004294749524205055,-0.03541177813448038,0.025483272006282674,0.7805,False,2237,1686,False,
tenant_screening,post_processing,logistic_regression,race,accuracy_equality_diff,-0.016293998440391366,-0.04315559020673373,0.01098652423626852,0.243,False,2943,2224,False,
tenant_screening,post_processing,random_forest,race,demographic_parity_diff,-0.018674509933337746,-0.043686870075804886,0.005603815876961989,0.164,False,2943,2224,False,
tenant_screening,post_processing,random_forest,race,disparate_impact_ratio,0.9728725997645951,0.9377577803204555,1.0082652137948742,0.164,False,2943,2224,False,
tenant_screening,post_processing,random_forest,race,equal_opportunity_diff,-0.030404469458851224,-0.06059238047464994,-0.0008800627712301679,0.054,False,1711,1270,False,
tenant_screening,post_processing,random_forest,race,equalized_odds_diff,-0.030404469458851224,-0.06059238047464994,-0.0008800627712301679,0.054,False,1711,1270,False,driven_by_tpr_gap
tenant_screening,post_processing,random_forest,race,predictive_parity_diff,0.0042146062385318706,-0.028643225197764795,0.03807696908902132,0.804,False,1971,1531,False,
tenant_screening,post_processing,random_forest,race,accuracy_equality_diff,-0.010606957858789401,-0.03739715032255536,0.017136955573156136,0.4365,False,2943,2224,False,
tenant_screening,post_processing,gradient_boosting,race,demographic_parity_diff,0.0009643661217814126,-0.023937188169953362,0.02574095540081694,0.9485,False,2943,2224,False,
tenant_screening,post_processing,gradient_boosting,race,disparate_impact_ratio,1.0013890849517597,0.9663435848729456,1.0378723137907397,0.9485,False,2943,2224,False,
tenant_screening,post_processing,gradient_boosting,race,equal_opportunity_diff,-0.017530844880509155,-0.044716217895322985,0.010749538649866202,0.2235,False,1711,1270,False,
tenant_screening,post_processing,gradient_boosting,race,equalized_odds_diff,0.0188406980859811,-0.021644851479757084,0.061431277056276934,0.3745,False,1232,954,False,driven_by_fpr_gap
tenant_screening,post_processing,gradient_boosting,race,predictive_parity_diff,-0.0032680979948237487,-0.0344418877476082,0.027086783766125253,0.8475,False,2046,1544,False,
tenant_screening,post_processing,gradient_boosting,race,accuracy_equality_diff,-0.014528132845405661,-0.039182144345685566,0.011627452625055922,0.276,False,2943,2224,False,
